[2026-04-23 10:36:48] local.ERROR: SQLSTATE[HY000] [2002] No connection could be made because the target machine actively refused it (SQL: select * from `chirps` order by `created_at` desc) {"exception":"[object] (Illuminate\\Database\\QueryException(code: 2002): SQLSTATE[HY000] [2002] No connection could be made because the target machine actively refused it (SQL: select * from `chirps` order by `created_at` desc) at D:\\XboxGames\\UTS_A710230009_Laravel-main\\vendor\\laravel\\framework\\src\\Illuminate\\Database\\Connection.php:760)
[stacktrace]
#0 D:\\XboxGames\\UTS_A710230009_Laravel-main\\vendor\\laravel\\framework\\src\\Illuminate\\Database\\Connection.php(720): Illuminate\\Database\\Connection->runQueryCallback('select * from `...', Array, Object(Closure))
#1 D:\\XboxGames\\UTS_A710230009_Laravel-main\\vendor\\laravel\\framework\\src\\Illuminate\\Database\\Connection.php(405): Illuminate\\Database\\Connection->run('select * from `...', Array, Object(Closure))
#2 D:\\XboxGames\\UTS_A710230009_Laravel-main\\vendor\\laravel\\framework\\src\\Illuminate\\Database\\Query\\Builder.php(2705): Illuminate\\Database\\Connection->select('select * from `...', Array, true)
#3 D:\\XboxGames\\UTS_A710230009_Laravel-main\\vendor\\laravel\\framework\\src\\Illuminate\\Database\\Query\\Builder.php(2694): Illuminate\\Database\\Query\\Builder->runSelect()
#4 D:\\XboxGames\\UTS_A710230009_Laravel-main\\vendor\\laravel\\framework\\src\\Illuminate\\Database\\Query\\Builder.php(3230): Illuminate\\Database\\Query\\Builder->{closure:Illuminate\\Database\\Query\\Builder::get():2693}()
#5 D:\\XboxGames\\UTS_A710230009_Laravel-main\\vendor\\laravel\\framework\\src\\Illuminate\\Database\\Query\\Builder.php(2693): Illuminate\\Database\\Query\\Builder->onceWithColumns(Array, Object(Closure))
#6 D:\\XboxGames\\UTS_A710230009_Laravel-main\\vendor\\laravel\\framework\\src\\Illuminate\\Database\\Eloquent\\Builder.php(710): Illuminate\\Database\\Query\\Builder->get(Array)
#7 D:\\XboxGames\\UTS_A710230009_Laravel-main\\vendor\\laravel\\framework\\src\\Illuminate\\Database\\Eloquent\\Builder.php(694): Illuminate\\Database\\Eloquent\\Builder->getModels(Array)
#8 D:\\XboxGames\\UTS_A710230009_Laravel-main\\app\\Http\\Controllers\\ChirpController.php(12): Illuminate\\Database\\Eloquent\\Builder->get()
#9 D:\\XboxGames\\UTS_A710230009_Laravel-main\\vendor\\laravel\\framework\\src\\Illuminate\\Routing\\ControllerDispatcher.php(46): App\\Http\\Controllers\\ChirpController->index()
#10 D:\\XboxGames\\UTS_A710230009_Laravel-main\\vendor\\laravel\\framework\\src\\Illuminate\\Routing\\Route.php(259): Illuminate\\Routing\\ControllerDispatcher->dispatch(Object(Illuminate\\Routing\\Route), Object(App\\Http\\Controllers\\ChirpController), 'index')
#11 D:\\XboxGames\\UTS_A710230009_Laravel-main\\vendor\\laravel\\framework\\src\\Illuminate\\Routing\\Route.php(205): Illuminate\\Routing\\Route->runController()
#12 D:\\XboxGames\\UTS_A710230009_Laravel-main\\vendor\\laravel\\framework\\src\\Illuminate\\Routing\\Router.php(798): Illuminate\\Routing\\Route->run()
#13 D:\\XboxGames\\UTS_A710230009_Laravel-main\\vendor\\laravel\\framework\\src\\Illuminate\\Pipeline\\Pipeline.php(141): Illuminate\\Routing\\Router->{closure:Illuminate\\Routing\\Router::runRouteWithinStack():797}(Object(Illuminate\\Http\\Request))
#14 D:\\XboxGames\\UTS_A710230009_Laravel-main\\vendor\\laravel\\framework\\src\\Illuminate\\Routing\\Middleware\\SubstituteBindings.php(50): Illuminate\\Pipeline\\Pipeline->{closure:Illuminate\\Pipeline\\Pipeline::prepareDestination():139}(Object(Illuminate\\Http\\Request))
#15 D:\\XboxGames\\UTS_A710230009_Laravel-main\\vendor\\laravel\\framework\\src\\Illuminate\\Pipeline\\Pipeline.php(180): Illuminate\\Routing\\Middleware\\SubstituteBindings->handle(Object(Illuminate\\Http\\Request), Object(Closure))
#16 D:\\XboxGames\\UTS_A710230009_Laravel-main\\vendor\\laravel\\framework\\src\\Illuminate\\Foundation\\Http\\Middleware\\VerifyCsrfToken.php(78): Illuminate\\Pipeline\\Pipeline->{closure:{closure:Illuminate\\Pipeline\\Pipeline::carry():155}:156}(Object(Illuminate\\Http\\Request))
#17 D:\\XboxGames\\UTS_A710230009_Laravel-main\\vendor\\laravel\\framework\\src\\Illuminate\\Pipeline\\Pipeline.php(180): Illuminate\\Foundation\\Http\\Middleware\\VerifyCsrfToken->handle(Object(Illuminate\\Http\\Request), Object(Closure))
#18 D:\\XboxGames\\UTS_A710230009_Laravel-main\\vendor\\laravel\\framework\\src\\Illuminate\\View\\Middleware\\ShareErrorsFromSession.php(49): Illuminate\\Pipeline\\Pipeline->{closure:{closure:Illuminate\\Pipeline\\Pipeline::carry():155}:156}(Object(Illuminate\\Http\\Request))
#19 D:\\XboxGames\\UTS_A710230009_Laravel-main\\vendor\\laravel\\framework\\src\\Illuminate\\Pipeline\\Pipeline.php(180): Illuminate\\View\\Middleware\\ShareErrorsFromSession->handle(Object(Illuminate\\Http\\Request), Object(Closure))
#20 D:\\XboxGames\\UTS_A710230009_Laravel-main\\vendor\\laravel\\framework\\src\\Illuminate\\Session\\Middleware\\StartSession.php(121): Illuminate\\Pipeline\\Pipeline->{closure:{closure:Illuminate\\Pipeline\\Pipeline::carry():155}:156}(Object(Illuminate\\Http\\Request))
#21 D:\\XboxGames\\UTS_A710230009_Laravel-main\\vendor\\laravel\\framework\\src\\Illuminate\\Session\\Middleware\\StartSession.php(64): Illuminate\\Session\\Middleware\\StartSession->handleStatefulRequest(Object(Illuminate\\Http\\Request), Object(Illuminate\\Session\\Store), Object(Closure))
#22 D:\\XboxGames\\UTS_A710230009_Laravel-main\\vendor\\laravel\\framework\\src\\Illuminate\\Pipeline\\Pipeline.php(180): Illuminate\\Session\\Middleware\\StartSession->handle(Object(Illuminate\\Http\\Request), Object(Closure))
#23 D:\\XboxGames\\UTS_A710230009_Laravel-main\\vendor\\laravel\\framework\\src\\Illuminate\\Cookie\\Middleware\\AddQueuedCookiesToResponse.php(37): Illuminate\\Pipeline\\Pipeline->{closure:{closure:Illuminate\\Pipeline\\Pipeline::carry():155}:156}(Object(Illuminate\\Http\\Request))
#24 D:\\XboxGames\\UTS_A710230009_Laravel-main\\vendor\\laravel\\framework\\src\\Illuminate\\Pipeline\\Pipeline.php(180): Illuminate\\Cookie\\Middleware\\AddQueuedCookiesToResponse->handle(Object(Illuminate\\Http\\Request), Object(Closure))
#25 D:\\XboxGames\\UTS_A710230009_Laravel-main\\vendor\\laravel\\framework\\src\\Illuminate\\Cookie\\Middleware\\EncryptCookies.php(67): Illuminate\\Pipeline\\Pipeline->{closure:{closure:Illuminate\\Pipeline\\Pipeline::carry():155}:156}(Object(Illuminate\\Http\\Request))
#26 D:\\XboxGames\\UTS_A710230009_Laravel-main\\vendor\\laravel\\framework\\src\\Illuminate\\Pipeline\\Pipeline.php(180): Illuminate\\Cookie\\Middleware\\EncryptCookies->handle(Object(Illuminate\\Http\\Request), Object(Closure))
#27 D:\\XboxGames\\UTS_A710230009_Laravel-main\\vendor\\laravel\\framework\\src\\Illuminate\\Pipeline\\Pipeline.php(116): Illuminate\\Pipeline\\Pipeline->{closure:{closure:Illuminate\\Pipeline\\Pipeline::carry():155}:156}(Object(Illuminate\\Http\\Request))
#28 D:\\XboxGames\\UTS_A710230009_Laravel-main\\vendor\\laravel\\framework\\src\\Illuminate\\Routing\\Router.php(797): Illuminate\\Pipeline\\Pipeline->then(Object(Closure))
#29 D:\\XboxGames\\UTS_A710230009_Laravel-main\\vendor\\laravel\\framework\\src\\Illuminate\\Routing\\Router.php(776): Illuminate\\Routing\\Router->runRouteWithinStack(Object(Illuminate\\Routing\\Route), Object(Illuminate\\Http\\Request))
#30 D:\\XboxGames\\UTS_A710230009_Laravel-main\\vendor\\laravel\\framework\\src\\Illuminate\\Routing\\Router.php(740): Illuminate\\Routing\\Router->runRoute(Object(Illuminate\\Http\\Request), Object(Illuminate\\Routing\\Route))
#31 D:\\XboxGames\\UTS_A710230009_Laravel-main\\vendor\\laravel\\framework\\src\\Illuminate\\Routing\\Router.php(729): Illuminate\\Routing\\Router->dispatchToRoute(Object(Illuminate\\Http\\Request))
#32 D:\\XboxGames\\UTS_A710230009_Laravel-main\\vendor\\laravel\\framework\\src\\Illuminate\\Foundation\\Http\\Kernel.php(190): Illuminate\\Routing\\Router->dispatch(Object(Illuminate\\Http\\Request))
#33 D:\\XboxGames\\UTS_A710230009_Laravel-main\\vendor\\laravel\\framework\\src\\Illuminate\\Pipeline\\Pipeline.php(141): Illuminate\\Foundation\\Http\\Kernel->{closure:Illuminate\\Foundation\\Http\\Kernel::dispatchToRouter():187}(Object(Illuminate\\Http\\Request))
#34 D:\\XboxGames\\UTS_A710230009_Laravel-main\\vendor\\laravel\\framework\\src\\Illuminate\\Foundation\\Http\\Middleware\\TransformsRequest.php(21): Illuminate\\Pipeline\\Pipeline->{closure:Illuminate\\Pipeline\\Pipeline::prepareDestination():139}(Object(Illuminate\\Http\\Request))
#35 D:\\XboxGames\\UTS_A710230009_Laravel-main\\vendor\\laravel\\framework\\src\\Illuminate\\Foundation\\Http\\Middleware\\ConvertEmptyStringsToNull.php(31): Illuminate\\Foundation\\Http\\Middleware\\TransformsRequest->handle(Object(Illuminate\\Http\\Request), Object(Closure))
#36 D:\\XboxGames\\UTS_A710230009_Laravel-main\\vendor\\laravel\\framework\\src\\Illuminate\\Pipeline\\Pipeline.php(180): Illuminate\\Foundation\\Http\\Middleware\\ConvertEmptyStringsToNull->handle(Object(Illuminate\\Http\\Request), Object(Closure))
#37 D:\\XboxGames\\UTS_A710230009_Laravel-main\\vendor\\laravel\\framework\\src\\Illuminate\\Foundation\\Http\\Middleware\\TransformsRequest.php(21): Illuminate\\Pipeline\\Pipeline->{closure:{closure:Illuminate\\Pipeline\\Pipeline::carry():155}:156}(Object(Illuminate\\Http\\Request))
#38 D:\\XboxGames\\UTS_A710230009_Laravel-main\\vendor\\laravel\\framework\\src\\Illuminate\\Foundation\\Http\\Middleware\\TrimStrings.php(40): Illuminate\\Foundation\\Http\\Middleware\\TransformsRequest->handle(Object(Illuminate\\Http\\Request), Object(Closure))
#39 D:\\XboxGames\\UTS_A710230009_Laravel-main\\vendor\\laravel\\framework\\src\\Illuminate\\Pipeline\\Pipeline.php(180): Illuminate\\Foundation\\Http\\Middleware\\TrimStrings->handle(Object(Illuminate\\Http\\Request), Object(Closure))
#40 D:\\XboxGames\\UTS_A710230009_Laravel-main\\vendor\\laravel\\framework\\src\\Illuminate\\Foundation\\Http\\Middleware\\ValidatePostSize.php(27): Illuminate\\Pipeline\\Pipeline->{closure:{closure:Illuminate\\Pipeline\\Pipeline::carry():155}:156}(Object(Illuminate\\Http\\Request))
#41 D:\\XboxGames\\UTS_A710230009_Laravel-main\\vendor\\laravel\\framework\\src\\Illuminate\\Pipeline\\Pipeline.php(180): Illuminate\\Foundation\\Http\\Middleware\\ValidatePostSize->handle(Object(Illuminate\\Http\\Request), Object(Closure))
#42 D:\\XboxGames\\UTS_A710230009_Laravel-main\\vendor\\laravel\\framework\\src\\Illuminate\\Foundation\\Http\\Middleware\\PreventRequestsDuringMaintenance.php(86): Illuminate\\Pipeline\\Pipeline->{closure:{closure:Illuminate\\Pipeline\\Pipeline::carry():155}:156}(Object(Illuminate\\Http\\Request))
#43 D:\\XboxGames\\UTS_A710230009_Laravel-main\\vendor\\laravel\\framework\\src\\Illuminate\\Pipeline\\Pipeline.php(180): Illuminate\\Foundation\\Http\\Middleware\\PreventRequestsDuringMaintenance->handle(Object(Illuminate\\Http\\Request), Object(Closure))
#44 D:\\XboxGames\\UTS_A710230009_Laravel-main\\vendor\\laravel\\framework\\src\\Illuminate\\Http\\Middleware\\HandleCors.php(49): Illuminate\\Pipeline\\Pipeline->{closure:{closure:Illuminate\\Pipeline\\Pipeline::carry():155}:156}(Object(Illuminate\\Http\\Request))
#45 D:\\XboxGames\\UTS_A710230009_Laravel-main\\vendor\\laravel\\framework\\src\\Illuminate\\Pipeline\\Pipeline.php(180): Illuminate\\Http\\Middleware\\HandleCors->handle(Object(Illuminate\\Http\\Request), Object(Closure))
#46 D:\\XboxGames\\UTS_A710230009_Laravel-main\\vendor\\laravel\\framework\\src\\Illuminate\\Http\\Middleware\\TrustProxies.php(39): Illuminate\\Pipeline\\Pipeline->{closure:{closure:Illuminate\\Pipeline\\Pipeline::carry():155}:156}(Object(Illuminate\\Http\\Request))
#47 D:\\XboxGames\\UTS_A710230009_Laravel-main\\vendor\\laravel\\framework\\src\\Illuminate\\Pipeline\\Pipeline.php(180): Illuminate\\Http\\Middleware\\TrustProxies->handle(Object(Illuminate\\Http\\Request), Object(Closure))
#48 D:\\XboxGames\\UTS_A710230009_Laravel-main\\vendor\\laravel\\framework\\src\\Illuminate\\Pipeline\\Pipeline.php(116): Illuminate\\Pipeline\\Pipeline->{closure:{closure:Illuminate\\Pipeline\\Pipeline::carry():155}:156}(Object(Illuminate\\Http\\Request))
#49 D:\\XboxGames\\UTS_A710230009_Laravel-main\\vendor\\laravel\\framework\\src\\Illuminate\\Foundation\\Http\\Kernel.php(165): Illuminate\\Pipeline\\Pipeline->then(Object(Closure))
#50 D:\\XboxGames\\UTS_A710230009_Laravel-main\\vendor\\laravel\\framework\\src\\Illuminate\\Foundation\\Http\\Kernel.php(134): Illuminate\\Foundation\\Http\\Kernel->sendRequestThroughRouter(Object(Illuminate\\Http\\Request))
#51 D:\\XboxGames\\UTS_A710230009_Laravel-main\\public\\index.php(51): Illuminate\\Foundation\\Http\\Kernel->handle(Object(Illuminate\\Http\\Request))
#52 {main}

[previous exception] [object] (PDOException(code: 2002): SQLSTATE[HY000] [2002] No connection could be made because the target machine actively refused it at D:\\XboxGames\\UTS_A710230009_Laravel-main\\vendor\\laravel\\framework\\src\\Illuminate\\Database\\Connectors\\Connector.php:70)
[stacktrace]
#0 D:\\XboxGames\\UTS_A710230009_Laravel-main\\vendor\\laravel\\framework\\src\\Illuminate\\Database\\Connectors\\Connector.php(70): PDO->__construct('mysql:host=127....', 'root', Object(SensitiveParameterValue), Array)
#1 D:\\XboxGames\\UTS_A710230009_Laravel-main\\vendor\\laravel\\framework\\src\\Illuminate\\Database\\Connectors\\Connector.php(45): Illuminate\\Database\\Connectors\\Connector->createPdoConnection('mysql:host=127....', 'root', '', Array)
#2 D:\\XboxGames\\UTS_A710230009_Laravel-main\\vendor\\laravel\\framework\\src\\Illuminate\\Database\\Connectors\\MySqlConnector.php(24): Illuminate\\Database\\Connectors\\Connector->createConnection('mysql:host=127....', Array, Array)
#3 D:\\XboxGames\\UTS_A710230009_Laravel-main\\vendor\\laravel\\framework\\src\\Illuminate\\Database\\Connectors\\ConnectionFactory.php(184): Illuminate\\Database\\Connectors\\MySqlConnector->connect(Array)
#4 [internal function]: Illuminate\\Database\\Connectors\\ConnectionFactory->{closure:Illuminate\\Database\\Connectors\\ConnectionFactory::createPdoResolverWithHosts():179}()
#5 D:\\XboxGames\\UTS_A710230009_Laravel-main\\vendor\\laravel\\framework\\src\\Illuminate\\Database\\Connection.php(1181): call_user_func(Object(Closure))
#6 D:\\XboxGames\\UTS_A710230009_Laravel-main\\vendor\\laravel\\framework\\src\\Illuminate\\Database\\Connection.php(1217): Illuminate\\Database\\Connection->getPdo()
#7 D:\\XboxGames\\UTS_A710230009_Laravel-main\\vendor\\laravel\\framework\\src\\Illuminate\\Database\\Connection.php(486): Illuminate\\Database\\Connection->getReadPdo()
#8 D:\\XboxGames\\UTS_A710230009_Laravel-main\\vendor\\laravel\\framework\\src\\Illuminate\\Database\\Connection.php(414): Illuminate\\Database\\Connection->getPdoForSelect(true)
#9 D:\\XboxGames\\UTS_A710230009_Laravel-main\\vendor\\laravel\\framework\\src\\Illuminate\\Database\\Connection.php(753): Illuminate\\Database\\Connection->{closure:Illuminate\\Database\\Connection::select():405}('select * from `...', Array)
#10 D:\\XboxGames\\UTS_A710230009_Laravel-main\\vendor\\laravel\\framework\\src\\Illuminate\\Database\\Connection.php(720): Illuminate\\Database\\Connection->runQueryCallback('select * from `...', Array, Object(Closure))
#11 D:\\XboxGames\\UTS_A710230009_Laravel-main\\vendor\\laravel\\framework\\src\\Illuminate\\Database\\Connection.php(405): Illuminate\\Database\\Connection->run('select * from `...', Array, Object(Closure))
#12 D:\\XboxGames\\UTS_A710230009_Laravel-main\\vendor\\laravel\\framework\\src\\Illuminate\\Database\\Query\\Builder.php(2705): Illuminate\\Database\\Connection->select('select * from `...', Array, true)
#13 D:\\XboxGames\\UTS_A710230009_Laravel-main\\vendor\\laravel\\framework\\src\\Illuminate\\Database\\Query\\Builder.php(2694): Illuminate\\Database\\Query\\Builder->runSelect()
#14 D:\\XboxGames\\UTS_A710230009_Laravel-main\\vendor\\laravel\\framework\\src\\Illuminate\\Database\\Query\\Builder.php(3230): Illuminate\\Database\\Query\\Builder->{closure:Illuminate\\Database\\Query\\Builder::get():2693}()
#15 D:\\XboxGames\\UTS_A710230009_Laravel-main\\vendor\\laravel\\framework\\src\\Illuminate\\Database\\Query\\Builder.php(2693): Illuminate\\Database\\Query\\Builder->onceWithColumns(Array, Object(Closure))
#16 D:\\XboxGames\\UTS_A710230009_Laravel-main\\vendor\\laravel\\framework\\src\\Illuminate\\Database\\Eloquent\\Builder.php(710): Illuminate\\Database\\Query\\Builder->get(Array)
#17 D:\\XboxGames\\UTS_A710230009_Laravel-main\\vendor\\laravel\\framework\\src\\Illuminate\\Database\\Eloquent\\Builder.php(694): Illuminate\\Database\\Eloquent\\Builder->getModels(Array)
#18 D:\\XboxGames\\UTS_A710230009_Laravel-main\\app\\Http\\Controllers\\ChirpController.php(12): Illuminate\\Database\\Eloquent\\Builder->get()
#19 D:\\XboxGames\\UTS_A710230009_Laravel-main\\vendor\\laravel\\framework\\src\\Illuminate\\Routing\\ControllerDispatcher.php(46): App\\Http\\Controllers\\ChirpController->index()
#20 D:\\XboxGames\\UTS_A710230009_Laravel-main\\vendor\\laravel\\framework\\src\\Illuminate\\Routing\\Route.php(259): Illuminate\\Routing\\ControllerDispatcher->dispatch(Object(Illuminate\\Routing\\Route), Object(App\\Http\\Controllers\\ChirpController), 'index')
#21 D:\\XboxGames\\UTS_A710230009_Laravel-main\\vendor\\laravel\\framework\\src\\Illuminate\\Routing\\Route.php(205): Illuminate\\Routing\\Route->runController()
#22 D:\\XboxGames\\UTS_A710230009_Laravel-main\\vendor\\laravel\\framework\\src\\Illuminate\\Routing\\Router.php(798): Illuminate\\Routing\\Route->run()
#23 D:\\XboxGames\\UTS_A710230009_Laravel-main\\vendor\\laravel\\framework\\src\\Illuminate\\Pipeline\\Pipeline.php(141): Illuminate\\Routing\\Router->{closure:Illuminate\\Routing\\Router::runRouteWithinStack():797}(Object(Illuminate\\Http\\Request))
#24 D:\\XboxGames\\UTS_A710230009_Laravel-main\\vendor\\laravel\\framework\\src\\Illuminate\\Routing\\Middleware\\SubstituteBindings.php(50): Illuminate\\Pipeline\\Pipeline->{closure:Illuminate\\Pipeline\\Pipeline::prepareDestination():139}(Object(Illuminate\\Http\\Request))
#25 D:\\XboxGames\\UTS_A710230009_Laravel-main\\vendor\\laravel\\framework\\src\\Illuminate\\Pipeline\\Pipeline.php(180): Illuminate\\Routing\\Middleware\\SubstituteBindings->handle(Object(Illuminate\\Http\\Request), Object(Closure))
#26 D:\\XboxGames\\UTS_A710230009_Laravel-main\\vendor\\laravel\\framework\\src\\Illuminate\\Foundation\\Http\\Middleware\\VerifyCsrfToken.php(78): Illuminate\\Pipeline\\Pipeline->{closure:{closure:Illuminate\\Pipeline\\Pipeline::carry():155}:156}(Object(Illuminate\\Http\\Request))
#27 D:\\XboxGames\\UTS_A710230009_Laravel-main\\vendor\\laravel\\framework\\src\\Illuminate\\Pipeline\\Pipeline.php(180): Illuminate\\Foundation\\Http\\Middleware\\VerifyCsrfToken->handle(Object(Illuminate\\Http\\Request), Object(Closure))
#28 D:\\XboxGames\\UTS_A710230009_Laravel-main\\vendor\\laravel\\framework\\src\\Illuminate\\View\\Middleware\\ShareErrorsFromSession.php(49): Illuminate\\Pipeline\\Pipeline->{closure:{closure:Illuminate\\Pipeline\\Pipeline::carry():155}:156}(Object(Illuminate\\Http\\Request))
#29 D:\\XboxGames\\UTS_A710230009_Laravel-main\\vendor\\laravel\\framework\\src\\Illuminate\\Pipeline\\Pipeline.php(180): Illuminate\\View\\Middleware\\ShareErrorsFromSession->handle(Object(Illuminate\\Http\\Request), Object(Closure))
#30 D:\\XboxGames\\UTS_A710230009_Laravel-main\\vendor\\laravel\\framework\\src\\Illuminate\\Session\\Middleware\\StartSession.php(121): Illuminate\\Pipeline\\Pipeline->{closure:{closure:Illuminate\\Pipeline\\Pipeline::carry():155}:156}(Object(Illuminate\\Http\\Request))
#31 D:\\XboxGames\\UTS_A710230009_Laravel-main\\vendor\\laravel\\framework\\src\\Illuminate\\Session\\Middleware\\StartSession.php(64): Illuminate\\Session\\Middleware\\StartSession->handleStatefulRequest(Object(Illuminate\\Http\\Request), Object(Illuminate\\Session\\Store), Object(Closure))
#32 D:\\XboxGames\\UTS_A710230009_Laravel-main\\vendor\\laravel\\framework\\src\\Illuminate\\Pipeline\\Pipeline.php(180): Illuminate\\Session\\Middleware\\StartSession->handle(Object(Illuminate\\Http\\Request), Object(Closure))
#33 D:\\XboxGames\\UTS_A710230009_Laravel-main\\vendor\\laravel\\framework\\src\\Illuminate\\Cookie\\Middleware\\AddQueuedCookiesToResponse.php(37): Illuminate\\Pipeline\\Pipeline->{closure:{closure:Illuminate\\Pipeline\\Pipeline::carry():155}:156}(Object(Illuminate\\Http\\Request))
#34 D:\\XboxGames\\UTS_A710230009_Laravel-main\\vendor\\laravel\\framework\\src\\Illuminate\\Pipeline\\Pipeline.php(180): Illuminate\\Cookie\\Middleware\\AddQueuedCookiesToResponse->handle(Object(Illuminate\\Http\\Request), Object(Closure))
#35 D:\\XboxGames\\UTS_A710230009_Laravel-main\\vendor\\laravel\\framework\\src\\Illuminate\\Cookie\\Middleware\\EncryptCookies.php(67): Illuminate\\Pipeline\\Pipeline->{closure:{closure:Illuminate\\Pipeline\\Pipeline::carry():155}:156}(Object(Illuminate\\Http\\Request))
#36 D:\\XboxGames\\UTS_A710230009_Laravel-main\\vendor\\laravel\\framework\\src\\Illuminate\\Pipeline\\Pipeline.php(180): Illuminate\\Cookie\\Middleware\\EncryptCookies->handle(Object(Illuminate\\Http\\Request), Object(Closure))
#37 D:\\XboxGames\\UTS_A710230009_Laravel-main\\vendor\\laravel\\framework\\src\\Illuminate\\Pipeline\\Pipeline.php(116): Illuminate\\Pipeline\\Pipeline->{closure:{closure:Illuminate\\Pipeline\\Pipeline::carry():155}:156}(Object(Illuminate\\Http\\Request))
#38 D:\\XboxGames\\UTS_A710230009_Laravel-main\\vendor\\laravel\\framework\\src\\Illuminate\\Routing\\Router.php(797): Illuminate\\Pipeline\\Pipeline->then(Object(Closure))
#39 D:\\XboxGames\\UTS_A710230009_Laravel-main\\vendor\\laravel\\framework\\src\\Illuminate\\Routing\\Router.php(776): Illuminate\\Routing\\Router->runRouteWithinStack(Object(Illuminate\\Routing\\Route), Object(Illuminate\\Http\\Request))
#40 D:\\XboxGames\\UTS_A710230009_Laravel-main\\vendor\\laravel\\framework\\src\\Illuminate\\Routing\\Router.php(740): Illuminate\\Routing\\Router->runRoute(Object(Illuminate\\Http\\Request), Object(Illuminate\\Routing\\Route))
#41 D:\\XboxGames\\UTS_A710230009_Laravel-main\\vendor\\laravel\\framework\\src\\Illuminate\\Routing\\Router.php(729): Illuminate\\Routing\\Router->dispatchToRoute(Object(Illuminate\\Http\\Request))
#42 D:\\XboxGames\\UTS_A710230009_Laravel-main\\vendor\\laravel\\framework\\src\\Illuminate\\Foundation\\Http\\Kernel.php(190): Illuminate\\Routing\\Router->dispatch(Object(Illuminate\\Http\\Request))
#43 D:\\XboxGames\\UTS_A710230009_Laravel-main\\vendor\\laravel\\framework\\src\\Illuminate\\Pipeline\\Pipeline.php(141): Illuminate\\Foundation\\Http\\Kernel->{closure:Illuminate\\Foundation\\Http\\Kernel::dispatchToRouter():187}(Object(Illuminate\\Http\\Request))
#44 D:\\XboxGames\\UTS_A710230009_Laravel-main\\vendor\\laravel\\framework\\src\\Illuminate\\Foundation\\Http\\Middleware\\TransformsRequest.php(21): Illuminate\\Pipeline\\Pipeline->{closure:Illuminate\\Pipeline\\Pipeline::prepareDestination():139}(Object(Illuminate\\Http\\Request))
#45 D:\\XboxGames\\UTS_A710230009_Laravel-main\\vendor\\laravel\\framework\\src\\Illuminate\\Foundation\\Http\\Middleware\\ConvertEmptyStringsToNull.php(31): Illuminate\\Foundation\\Http\\Middleware\\TransformsRequest->handle(Object(Illuminate\\Http\\Request), Object(Closure))
#46 D:\\XboxGames\\UTS_A710230009_Laravel-main\\vendor\\laravel\\framework\\src\\Illuminate\\Pipeline\\Pipeline.php(180): Illuminate\\Foundation\\Http\\Middleware\\ConvertEmptyStringsToNull->handle(Object(Illuminate\\Http\\Request), Object(Closure))
#47 D:\\XboxGames\\UTS_A710230009_Laravel-main\\vendor\\laravel\\framework\\src\\Illuminate\\Foundation\\Http\\Middleware\\TransformsRequest.php(21): Illuminate\\Pipeline\\Pipeline->{closure:{closure:Illuminate\\Pipeline\\Pipeline::carry():155}:156}(Object(Illuminate\\Http\\Request))
#48 D:\\XboxGames\\UTS_A710230009_Laravel-main\\vendor\\laravel\\framework\\src\\Illuminate\\Foundation\\Http\\Middleware\\TrimStrings.php(40): Illuminate\\Foundation\\Http\\Middleware\\TransformsRequest->handle(Object(Illuminate\\Http\\Request), Object(Closure))
#49 D:\\XboxGames\\UTS_A710230009_Laravel-main\\vendor\\laravel\\framework\\src\\Illuminate\\Pipeline\\Pipeline.php(180): Illuminate\\Foundation\\Http\\Middleware\\TrimStrings->handle(Object(Illuminate\\Http\\Request), Object(Closure))
#50 D:\\XboxGames\\UTS_A710230009_Laravel-main\\vendor\\laravel\\framework\\src\\Illuminate\\Foundation\\Http\\Middleware\\ValidatePostSize.php(27): Illuminate\\Pipeline\\Pipeline->{closure:{closure:Illuminate\\Pipeline\\Pipeline::carry():155}:156}(Object(Illuminate\\Http\\Request))
#51 D:\\XboxGames\\UTS_A710230009_Laravel-main\\vendor\\laravel\\framework\\src\\Illuminate\\Pipeline\\Pipeline.php(180): Illuminate\\Foundation\\Http\\Middleware\\ValidatePostSize->handle(Object(Illuminate\\Http\\Request), Object(Closure))
#52 D:\\XboxGames\\UTS_A710230009_Laravel-main\\vendor\\laravel\\framework\\src\\Illuminate\\Foundation\\Http\\Middleware\\PreventRequestsDuringMaintenance.php(86): Illuminate\\Pipeline\\Pipeline->{closure:{closure:Illuminate\\Pipeline\\Pipeline::carry():155}:156}(Object(Illuminate\\Http\\Request))
#53 D:\\XboxGames\\UTS_A710230009_Laravel-main\\vendor\\laravel\\framework\\src\\Illuminate\\Pipeline\\Pipeline.php(180): Illuminate\\Foundation\\Http\\Middleware\\PreventRequestsDuringMaintenance->handle(Object(Illuminate\\Http\\Request), Object(Closure))
#54 D:\\XboxGames\\UTS_A710230009_Laravel-main\\vendor\\laravel\\framework\\src\\Illuminate\\Http\\Middleware\\HandleCors.php(49): Illuminate\\Pipeline\\Pipeline->{closure:{closure:Illuminate\\Pipeline\\Pipeline::carry():155}:156}(Object(Illuminate\\Http\\Request))
#55 D:\\XboxGames\\UTS_A710230009_Laravel-main\\vendor\\laravel\\framework\\src\\Illuminate\\Pipeline\\Pipeline.php(180): Illuminate\\Http\\Middleware\\HandleCors->handle(Object(Illuminate\\Http\\Request), Object(Closure))
#56 D:\\XboxGames\\UTS_A710230009_Laravel-main\\vendor\\laravel\\framework\\src\\Illuminate\\Http\\Middleware\\TrustProxies.php(39): Illuminate\\Pipeline\\Pipeline->{closure:{closure:Illuminate\\Pipeline\\Pipeline::carry():155}:156}(Object(Illuminate\\Http\\Request))
#57 D:\\XboxGames\\UTS_A710230009_Laravel-main\\vendor\\laravel\\framework\\src\\Illuminate\\Pipeline\\Pipeline.php(180): Illuminate\\Http\\Middleware\\TrustProxies->handle(Object(Illuminate\\Http\\Request), Object(Closure))
#58 D:\\XboxGames\\UTS_A710230009_Laravel-main\\vendor\\laravel\\framework\\src\\Illuminate\\Pipeline\\Pipeline.php(116): Illuminate\\Pipeline\\Pipeline->{closure:{closure:Illuminate\\Pipeline\\Pipeline::carry():155}:156}(Object(Illuminate\\Http\\Request))
#59 D:\\XboxGames\\UTS_A710230009_Laravel-main\\vendor\\laravel\\framework\\src\\Illuminate\\Foundation\\Http\\Kernel.php(165): Illuminate\\Pipeline\\Pipeline->then(Object(Closure))
#60 D:\\XboxGames\\UTS_A710230009_Laravel-main\\vendor\\laravel\\framework\\src\\Illuminate\\Foundation\\Http\\Kernel.php(134): Illuminate\\Foundation\\Http\\Kernel->sendRequestThroughRouter(Object(Illuminate\\Http\\Request))
#61 D:\\XboxGames\\UTS_A710230009_Laravel-main\\public\\index.php(51): Illuminate\\Foundation\\Http\\Kernel->handle(Object(Illuminate\\Http\\Request))
#62 {main}
"} 
[2026-04-23 10:37:04] local.ERROR: SQLSTATE[HY000] [2002] No connection could be made because the target machine actively refused it (SQL: select * from `chirps` order by `created_at` desc) {"exception":"[object] (Illuminate\\Database\\QueryException(code: 2002): SQLSTATE[HY000] [2002] No connection could be made because the target machine actively refused it (SQL: select * from `chirps` order by `created_at` desc) at D:\\XboxGames\\UTS_A710230009_Laravel-main\\vendor\\laravel\\framework\\src\\Illuminate\\Database\\Connection.php:760)
[stacktrace]
#0 D:\\XboxGames\\UTS_A710230009_Laravel-main\\vendor\\laravel\\framework\\src\\Illuminate\\Database\\Connection.php(720): Illuminate\\Database\\Connection->runQueryCallback('select * from `...', Array, Object(Closure))
#1 D:\\XboxGames\\UTS_A710230009_Laravel-main\\vendor\\laravel\\framework\\src\\Illuminate\\Database\\Connection.php(405): Illuminate\\Database\\Connection->run('select * from `...', Array, Object(Closure))
#2 D:\\XboxGames\\UTS_A710230009_Laravel-main\\vendor\\laravel\\framework\\src\\Illuminate\\Database\\Query\\Builder.php(2705): Illuminate\\Database\\Connection->select('select * from `...', Array, true)
#3 D:\\XboxGames\\UTS_A710230009_Laravel-main\\vendor\\laravel\\framework\\src\\Illuminate\\Database\\Query\\Builder.php(2694): Illuminate\\Database\\Query\\Builder->runSelect()
#4 D:\\XboxGames\\UTS_A710230009_Laravel-main\\vendor\\laravel\\framework\\src\\Illuminate\\Database\\Query\\Builder.php(3230): Illuminate\\Database\\Query\\Builder->{closure:Illuminate\\Database\\Query\\Builder::get():2693}()
#5 D:\\XboxGames\\UTS_A710230009_Laravel-main\\vendor\\laravel\\framework\\src\\Illuminate\\Database\\Query\\Builder.php(2693): Illuminate\\Database\\Query\\Builder->onceWithColumns(Array, Object(Closure))
#6 D:\\XboxGames\\UTS_A710230009_Laravel-main\\vendor\\laravel\\framework\\src\\Illuminate\\Database\\Eloquent\\Builder.php(710): Illuminate\\Database\\Query\\Builder->get(Array)
#7 D:\\XboxGames\\UTS_A710230009_Laravel-main\\vendor\\laravel\\framework\\src\\Illuminate\\Database\\Eloquent\\Builder.php(694): Illuminate\\Database\\Eloquent\\Builder->getModels(Array)
#8 D:\\XboxGames\\UTS_A710230009_Laravel-main\\app\\Http\\Controllers\\ChirpController.php(12): Illuminate\\Database\\Eloquent\\Builder->get()
#9 D:\\XboxGames\\UTS_A710230009_Laravel-main\\vendor\\laravel\\framework\\src\\Illuminate\\Routing\\ControllerDispatcher.php(46): App\\Http\\Controllers\\ChirpController->index()
#10 D:\\XboxGames\\UTS_A710230009_Laravel-main\\vendor\\laravel\\framework\\src\\Illuminate\\Routing\\Route.php(259): Illuminate\\Routing\\ControllerDispatcher->dispatch(Object(Illuminate\\Routing\\Route), Object(App\\Http\\Controllers\\ChirpController), 'index')
#11 D:\\XboxGames\\UTS_A710230009_Laravel-main\\vendor\\laravel\\framework\\src\\Illuminate\\Routing\\Route.php(205): Illuminate\\Routing\\Route->runController()
#12 D:\\XboxGames\\UTS_A710230009_Laravel-main\\vendor\\laravel\\framework\\src\\Illuminate\\Routing\\Router.php(798): Illuminate\\Routing\\Route->run()
#13 D:\\XboxGames\\UTS_A710230009_Laravel-main\\vendor\\laravel\\framework\\src\\Illuminate\\Pipeline\\Pipeline.php(141): Illuminate\\Routing\\Router->{closure:Illuminate\\Routing\\Router::runRouteWithinStack():797}(Object(Illuminate\\Http\\Request))
#14 D:\\XboxGames\\UTS_A710230009_Laravel-main\\vendor\\laravel\\framework\\src\\Illuminate\\Routing\\Middleware\\SubstituteBindings.php(50): Illuminate\\Pipeline\\Pipeline->{closure:Illuminate\\Pipeline\\Pipeline::prepareDestination():139}(Object(Illuminate\\Http\\Request))
#15 D:\\XboxGames\\UTS_A710230009_Laravel-main\\vendor\\laravel\\framework\\src\\Illuminate\\Pipeline\\Pipeline.php(180): Illuminate\\Routing\\Middleware\\SubstituteBindings->handle(Object(Illuminate\\Http\\Request), Object(Closure))
#16 D:\\XboxGames\\UTS_A710230009_Laravel-main\\vendor\\laravel\\framework\\src\\Illuminate\\Foundation\\Http\\Middleware\\VerifyCsrfToken.php(78): Illuminate\\Pipeline\\Pipeline->{closure:{closure:Illuminate\\Pipeline\\Pipeline::carry():155}:156}(Object(Illuminate\\Http\\Request))
#17 D:\\XboxGames\\UTS_A710230009_Laravel-main\\vendor\\laravel\\framework\\src\\Illuminate\\Pipeline\\Pipeline.php(180): Illuminate\\Foundation\\Http\\Middleware\\VerifyCsrfToken->handle(Object(Illuminate\\Http\\Request), Object(Closure))
#18 D:\\XboxGames\\UTS_A710230009_Laravel-main\\vendor\\laravel\\framework\\src\\Illuminate\\View\\Middleware\\ShareErrorsFromSession.php(49): Illuminate\\Pipeline\\Pipeline->{closure:{closure:Illuminate\\Pipeline\\Pipeline::carry():155}:156}(Object(Illuminate\\Http\\Request))
#19 D:\\XboxGames\\UTS_A710230009_Laravel-main\\vendor\\laravel\\framework\\src\\Illuminate\\Pipeline\\Pipeline.php(180): Illuminate\\View\\Middleware\\ShareErrorsFromSession->handle(Object(Illuminate\\Http\\Request), Object(Closure))
#20 D:\\XboxGames\\UTS_A710230009_Laravel-main\\vendor\\laravel\\framework\\src\\Illuminate\\Session\\Middleware\\StartSession.php(121): Illuminate\\Pipeline\\Pipeline->{closure:{closure:Illuminate\\Pipeline\\Pipeline::carry():155}:156}(Object(Illuminate\\Http\\Request))
#21 D:\\XboxGames\\UTS_A710230009_Laravel-main\\vendor\\laravel\\framework\\src\\Illuminate\\Session\\Middleware\\StartSession.php(64): Illuminate\\Session\\Middleware\\StartSession->handleStatefulRequest(Object(Illuminate\\Http\\Request), Object(Illuminate\\Session\\Store), Object(Closure))
#22 D:\\XboxGames\\UTS_A710230009_Laravel-main\\vendor\\laravel\\framework\\src\\Illuminate\\Pipeline\\Pipeline.php(180): Illuminate\\Session\\Middleware\\StartSession->handle(Object(Illuminate\\Http\\Request), Object(Closure))
#23 D:\\XboxGames\\UTS_A710230009_Laravel-main\\vendor\\laravel\\framework\\src\\Illuminate\\Cookie\\Middleware\\AddQueuedCookiesToResponse.php(37): Illuminate\\Pipeline\\Pipeline->{closure:{closure:Illuminate\\Pipeline\\Pipeline::carry():155}:156}(Object(Illuminate\\Http\\Request))
#24 D:\\XboxGames\\UTS_A710230009_Laravel-main\\vendor\\laravel\\framework\\src\\Illuminate\\Pipeline\\Pipeline.php(180): Illuminate\\Cookie\\Middleware\\AddQueuedCookiesToResponse->handle(Object(Illuminate\\Http\\Request), Object(Closure))
#25 D:\\XboxGames\\UTS_A710230009_Laravel-main\\vendor\\laravel\\framework\\src\\Illuminate\\Cookie\\Middleware\\EncryptCookies.php(67): Illuminate\\Pipeline\\Pipeline->{closure:{closure:Illuminate\\Pipeline\\Pipeline::carry():155}:156}(Object(Illuminate\\Http\\Request))
#26 D:\\XboxGames\\UTS_A710230009_Laravel-main\\vendor\\laravel\\framework\\src\\Illuminate\\Pipeline\\Pipeline.php(180): Illuminate\\Cookie\\Middleware\\EncryptCookies->handle(Object(Illuminate\\Http\\Request), Object(Closure))
#27 D:\\XboxGames\\UTS_A710230009_Laravel-main\\vendor\\laravel\\framework\\src\\Illuminate\\Pipeline\\Pipeline.php(116): Illuminate\\Pipeline\\Pipeline->{closure:{closure:Illuminate\\Pipeline\\Pipeline::carry():155}:156}(Object(Illuminate\\Http\\Request))
#28 D:\\XboxGames\\UTS_A710230009_Laravel-main\\vendor\\laravel\\framework\\src\\Illuminate\\Routing\\Router.php(797): Illuminate\\Pipeline\\Pipeline->then(Object(Closure))
#29 D:\\XboxGames\\UTS_A710230009_Laravel-main\\vendor\\laravel\\framework\\src\\Illuminate\\Routing\\Router.php(776): Illuminate\\Routing\\Router->runRouteWithinStack(Object(Illuminate\\Routing\\Route), Object(Illuminate\\Http\\Request))
#30 D:\\XboxGames\\UTS_A710230009_Laravel-main\\vendor\\laravel\\framework\\src\\Illuminate\\Routing\\Router.php(740): Illuminate\\Routing\\Router->runRoute(Object(Illuminate\\Http\\Request), Object(Illuminate\\Routing\\Route))
#31 D:\\XboxGames\\UTS_A710230009_Laravel-main\\vendor\\laravel\\framework\\src\\Illuminate\\Routing\\Router.php(729): Illuminate\\Routing\\Router->dispatchToRoute(Object(Illuminate\\Http\\Request))
#32 D:\\XboxGames\\UTS_A710230009_Laravel-main\\vendor\\laravel\\framework\\src\\Illuminate\\Foundation\\Http\\Kernel.php(190): Illuminate\\Routing\\Router->dispatch(Object(Illuminate\\Http\\Request))
#33 D:\\XboxGames\\UTS_A710230009_Laravel-main\\vendor\\laravel\\framework\\src\\Illuminate\\Pipeline\\Pipeline.php(141): Illuminate\\Foundation\\Http\\Kernel->{closure:Illuminate\\Foundation\\Http\\Kernel::dispatchToRouter():187}(Object(Illuminate\\Http\\Request))
#34 D:\\XboxGames\\UTS_A710230009_Laravel-main\\vendor\\laravel\\framework\\src\\Illuminate\\Foundation\\Http\\Middleware\\TransformsRequest.php(21): Illuminate\\Pipeline\\Pipeline->{closure:Illuminate\\Pipeline\\Pipeline::prepareDestination():139}(Object(Illuminate\\Http\\Request))
#35 D:\\XboxGames\\UTS_A710230009_Laravel-main\\vendor\\laravel\\framework\\src\\Illuminate\\Foundation\\Http\\Middleware\\ConvertEmptyStringsToNull.php(31): Illuminate\\Foundation\\Http\\Middleware\\TransformsRequest->handle(Object(Illuminate\\Http\\Request), Object(Closure))
#36 D:\\XboxGames\\UTS_A710230009_Laravel-main\\vendor\\laravel\\framework\\src\\Illuminate\\Pipeline\\Pipeline.php(180): Illuminate\\Foundation\\Http\\Middleware\\ConvertEmptyStringsToNull->handle(Object(Illuminate\\Http\\Request), Object(Closure))
#37 D:\\XboxGames\\UTS_A710230009_Laravel-main\\vendor\\laravel\\framework\\src\\Illuminate\\Foundation\\Http\\Middleware\\TransformsRequest.php(21): Illuminate\\Pipeline\\Pipeline->{closure:{closure:Illuminate\\Pipeline\\Pipeline::carry():155}:156}(Object(Illuminate\\Http\\Request))
#38 D:\\XboxGames\\UTS_A710230009_Laravel-main\\vendor\\laravel\\framework\\src\\Illuminate\\Foundation\\Http\\Middleware\\TrimStrings.php(40): Illuminate\\Foundation\\Http\\Middleware\\TransformsRequest->handle(Object(Illuminate\\Http\\Request), Object(Closure))
#39 D:\\XboxGames\\UTS_A710230009_Laravel-main\\vendor\\laravel\\framework\\src\\Illuminate\\Pipeline\\Pipeline.php(180): Illuminate\\Foundation\\Http\\Middleware\\TrimStrings->handle(Object(Illuminate\\Http\\Request), Object(Closure))
#40 D:\\XboxGames\\UTS_A710230009_Laravel-main\\vendor\\laravel\\framework\\src\\Illuminate\\Foundation\\Http\\Middleware\\ValidatePostSize.php(27): Illuminate\\Pipeline\\Pipeline->{closure:{closure:Illuminate\\Pipeline\\Pipeline::carry():155}:156}(Object(Illuminate\\Http\\Request))
#41 D:\\XboxGames\\UTS_A710230009_Laravel-main\\vendor\\laravel\\framework\\src\\Illuminate\\Pipeline\\Pipeline.php(180): Illuminate\\Foundation\\Http\\Middleware\\ValidatePostSize->handle(Object(Illuminate\\Http\\Request), Object(Closure))
#42 D:\\XboxGames\\UTS_A710230009_Laravel-main\\vendor\\laravel\\framework\\src\\Illuminate\\Foundation\\Http\\Middleware\\PreventRequestsDuringMaintenance.php(86): Illuminate\\Pipeline\\Pipeline->{closure:{closure:Illuminate\\Pipeline\\Pipeline::carry():155}:156}(Object(Illuminate\\Http\\Request))
#43 D:\\XboxGames\\UTS_A710230009_Laravel-main\\vendor\\laravel\\framework\\src\\Illuminate\\Pipeline\\Pipeline.php(180): Illuminate\\Foundation\\Http\\Middleware\\PreventRequestsDuringMaintenance->handle(Object(Illuminate\\Http\\Request), Object(Closure))
#44 D:\\XboxGames\\UTS_A710230009_Laravel-main\\vendor\\laravel\\framework\\src\\Illuminate\\Http\\Middleware\\HandleCors.php(49): Illuminate\\Pipeline\\Pipeline->{closure:{closure:Illuminate\\Pipeline\\Pipeline::carry():155}:156}(Object(Illuminate\\Http\\Request))
#45 D:\\XboxGames\\UTS_A710230009_Laravel-main\\vendor\\laravel\\framework\\src\\Illuminate\\Pipeline\\Pipeline.php(180): Illuminate\\Http\\Middleware\\HandleCors->handle(Object(Illuminate\\Http\\Request), Object(Closure))
#46 D:\\XboxGames\\UTS_A710230009_Laravel-main\\vendor\\laravel\\framework\\src\\Illuminate\\Http\\Middleware\\TrustProxies.php(39): Illuminate\\Pipeline\\Pipeline->{closure:{closure:Illuminate\\Pipeline\\Pipeline::carry():155}:156}(Object(Illuminate\\Http\\Request))
#47 D:\\XboxGames\\UTS_A710230009_Laravel-main\\vendor\\laravel\\framework\\src\\Illuminate\\Pipeline\\Pipeline.php(180): Illuminate\\Http\\Middleware\\TrustProxies->handle(Object(Illuminate\\Http\\Request), Object(Closure))
#48 D:\\XboxGames\\UTS_A710230009_Laravel-main\\vendor\\laravel\\framework\\src\\Illuminate\\Pipeline\\Pipeline.php(116): Illuminate\\Pipeline\\Pipeline->{closure:{closure:Illuminate\\Pipeline\\Pipeline::carry():155}:156}(Object(Illuminate\\Http\\Request))
#49 D:\\XboxGames\\UTS_A710230009_Laravel-main\\vendor\\laravel\\framework\\src\\Illuminate\\Foundation\\Http\\Kernel.php(165): Illuminate\\Pipeline\\Pipeline->then(Object(Closure))
#50 D:\\XboxGames\\UTS_A710230009_Laravel-main\\vendor\\laravel\\framework\\src\\Illuminate\\Foundation\\Http\\Kernel.php(134): Illuminate\\Foundation\\Http\\Kernel->sendRequestThroughRouter(Object(Illuminate\\Http\\Request))
#51 D:\\XboxGames\\UTS_A710230009_Laravel-main\\public\\index.php(51): Illuminate\\Foundation\\Http\\Kernel->handle(Object(Illuminate\\Http\\Request))
#52 {main}

[previous exception] [object] (PDOException(code: 2002): SQLSTATE[HY000] [2002] No connection could be made because the target machine actively refused it at D:\\XboxGames\\UTS_A710230009_Laravel-main\\vendor\\laravel\\framework\\src\\Illuminate\\Database\\Connectors\\Connector.php:70)
[stacktrace]
#0 D:\\XboxGames\\UTS_A710230009_Laravel-main\\vendor\\laravel\\framework\\src\\Illuminate\\Database\\Connectors\\Connector.php(70): PDO->__construct('mysql:host=127....', 'root', Object(SensitiveParameterValue), Array)
#1 D:\\XboxGames\\UTS_A710230009_Laravel-main\\vendor\\laravel\\framework\\src\\Illuminate\\Database\\Connectors\\Connector.php(45): Illuminate\\Database\\Connectors\\Connector->createPdoConnection('mysql:host=127....', 'root', '', Array)
#2 D:\\XboxGames\\UTS_A710230009_Laravel-main\\vendor\\laravel\\framework\\src\\Illuminate\\Database\\Connectors\\MySqlConnector.php(24): Illuminate\\Database\\Connectors\\Connector->createConnection('mysql:host=127....', Array, Array)
#3 D:\\XboxGames\\UTS_A710230009_Laravel-main\\vendor\\laravel\\framework\\src\\Illuminate\\Database\\Connectors\\ConnectionFactory.php(184): Illuminate\\Database\\Connectors\\MySqlConnector->connect(Array)
#4 [internal function]: Illuminate\\Database\\Connectors\\ConnectionFactory->{closure:Illuminate\\Database\\Connectors\\ConnectionFactory::createPdoResolverWithHosts():179}()
#5 D:\\XboxGames\\UTS_A710230009_Laravel-main\\vendor\\laravel\\framework\\src\\Illuminate\\Database\\Connection.php(1181): call_user_func(Object(Closure))
#6 D:\\XboxGames\\UTS_A710230009_Laravel-main\\vendor\\laravel\\framework\\src\\Illuminate\\Database\\Connection.php(1217): Illuminate\\Database\\Connection->getPdo()
#7 D:\\XboxGames\\UTS_A710230009_Laravel-main\\vendor\\laravel\\framework\\src\\Illuminate\\Database\\Connection.php(486): Illuminate\\Database\\Connection->getReadPdo()
#8 D:\\XboxGames\\UTS_A710230009_Laravel-main\\vendor\\laravel\\framework\\src\\Illuminate\\Database\\Connection.php(414): Illuminate\\Database\\Connection->getPdoForSelect(true)
#9 D:\\XboxGames\\UTS_A710230009_Laravel-main\\vendor\\laravel\\framework\\src\\Illuminate\\Database\\Connection.php(753): Illuminate\\Database\\Connection->{closure:Illuminate\\Database\\Connection::select():405}('select * from `...', Array)
#10 D:\\XboxGames\\UTS_A710230009_Laravel-main\\vendor\\laravel\\framework\\src\\Illuminate\\Database\\Connection.php(720): Illuminate\\Database\\Connection->runQueryCallback('select * from `...', Array, Object(Closure))
#11 D:\\XboxGames\\UTS_A710230009_Laravel-main\\vendor\\laravel\\framework\\src\\Illuminate\\Database\\Connection.php(405): Illuminate\\Database\\Connection->run('select * from `...', Array, Object(Closure))
#12 D:\\XboxGames\\UTS_A710230009_Laravel-main\\vendor\\laravel\\framework\\src\\Illuminate\\Database\\Query\\Builder.php(2705): Illuminate\\Database\\Connection->select('select * from `...', Array, true)
#13 D:\\XboxGames\\UTS_A710230009_Laravel-main\\vendor\\laravel\\framework\\src\\Illuminate\\Database\\Query\\Builder.php(2694): Illuminate\\Database\\Query\\Builder->runSelect()
#14 D:\\XboxGames\\UTS_A710230009_Laravel-main\\vendor\\laravel\\framework\\src\\Illuminate\\Database\\Query\\Builder.php(3230): Illuminate\\Database\\Query\\Builder->{closure:Illuminate\\Database\\Query\\Builder::get():2693}()
#15 D:\\XboxGames\\UTS_A710230009_Laravel-main\\vendor\\laravel\\framework\\src\\Illuminate\\Database\\Query\\Builder.php(2693): Illuminate\\Database\\Query\\Builder->onceWithColumns(Array, Object(Closure))
#16 D:\\XboxGames\\UTS_A710230009_Laravel-main\\vendor\\laravel\\framework\\src\\Illuminate\\Database\\Eloquent\\Builder.php(710): Illuminate\\Database\\Query\\Builder->get(Array)
#17 D:\\XboxGames\\UTS_A710230009_Laravel-main\\vendor\\laravel\\framework\\src\\Illuminate\\Database\\Eloquent\\Builder.php(694): Illuminate\\Database\\Eloquent\\Builder->getModels(Array)
#18 D:\\XboxGames\\UTS_A710230009_Laravel-main\\app\\Http\\Controllers\\ChirpController.php(12): Illuminate\\Database\\Eloquent\\Builder->get()
#19 D:\\XboxGames\\UTS_A710230009_Laravel-main\\vendor\\laravel\\framework\\src\\Illuminate\\Routing\\ControllerDispatcher.php(46): App\\Http\\Controllers\\ChirpController->index()
#20 D:\\XboxGames\\UTS_A710230009_Laravel-main\\vendor\\laravel\\framework\\src\\Illuminate\\Routing\\Route.php(259): Illuminate\\Routing\\ControllerDispatcher->dispatch(Object(Illuminate\\Routing\\Route), Object(App\\Http\\Controllers\\ChirpController), 'index')
#21 D:\\XboxGames\\UTS_A710230009_Laravel-main\\vendor\\laravel\\framework\\src\\Illuminate\\Routing\\Route.php(205): Illuminate\\Routing\\Route->runController()
#22 D:\\XboxGames\\UTS_A710230009_Laravel-main\\vendor\\laravel\\framework\\src\\Illuminate\\Routing\\Router.php(798): Illuminate\\Routing\\Route->run()
#23 D:\\XboxGames\\UTS_A710230009_Laravel-main\\vendor\\laravel\\framework\\src\\Illuminate\\Pipeline\\Pipeline.php(141): Illuminate\\Routing\\Router->{closure:Illuminate\\Routing\\Router::runRouteWithinStack():797}(Object(Illuminate\\Http\\Request))
#24 D:\\XboxGames\\UTS_A710230009_Laravel-main\\vendor\\laravel\\framework\\src\\Illuminate\\Routing\\Middleware\\SubstituteBindings.php(50): Illuminate\\Pipeline\\Pipeline->{closure:Illuminate\\Pipeline\\Pipeline::prepareDestination():139}(Object(Illuminate\\Http\\Request))
#25 D:\\XboxGames\\UTS_A710230009_Laravel-main\\vendor\\laravel\\framework\\src\\Illuminate\\Pipeline\\Pipeline.php(180): Illuminate\\Routing\\Middleware\\SubstituteBindings->handle(Object(Illuminate\\Http\\Request), Object(Closure))
#26 D:\\XboxGames\\UTS_A710230009_Laravel-main\\vendor\\laravel\\framework\\src\\Illuminate\\Foundation\\Http\\Middleware\\VerifyCsrfToken.php(78): Illuminate\\Pipeline\\Pipeline->{closure:{closure:Illuminate\\Pipeline\\Pipeline::carry():155}:156}(Object(Illuminate\\Http\\Request))
#27 D:\\XboxGames\\UTS_A710230009_Laravel-main\\vendor\\laravel\\framework\\src\\Illuminate\\Pipeline\\Pipeline.php(180): Illuminate\\Foundation\\Http\\Middleware\\VerifyCsrfToken->handle(Object(Illuminate\\Http\\Request), Object(Closure))
#28 D:\\XboxGames\\UTS_A710230009_Laravel-main\\vendor\\laravel\\framework\\src\\Illuminate\\View\\Middleware\\ShareErrorsFromSession.php(49): Illuminate\\Pipeline\\Pipeline->{closure:{closure:Illuminate\\Pipeline\\Pipeline::carry():155}:156}(Object(Illuminate\\Http\\Request))
#29 D:\\XboxGames\\UTS_A710230009_Laravel-main\\vendor\\laravel\\framework\\src\\Illuminate\\Pipeline\\Pipeline.php(180): Illuminate\\View\\Middleware\\ShareErrorsFromSession->handle(Object(Illuminate\\Http\\Request), Object(Closure))
#30 D:\\XboxGames\\UTS_A710230009_Laravel-main\\vendor\\laravel\\framework\\src\\Illuminate\\Session\\Middleware\\StartSession.php(121): Illuminate\\Pipeline\\Pipeline->{closure:{closure:Illuminate\\Pipeline\\Pipeline::carry():155}:156}(Object(Illuminate\\Http\\Request))
#31 D:\\XboxGames\\UTS_A710230009_Laravel-main\\vendor\\laravel\\framework\\src\\Illuminate\\Session\\Middleware\\StartSession.php(64): Illuminate\\Session\\Middleware\\StartSession->handleStatefulRequest(Object(Illuminate\\Http\\Request), Object(Illuminate\\Session\\Store), Object(Closure))
#32 D:\\XboxGames\\UTS_A710230009_Laravel-main\\vendor\\laravel\\framework\\src\\Illuminate\\Pipeline\\Pipeline.php(180): Illuminate\\Session\\Middleware\\StartSession->handle(Object(Illuminate\\Http\\Request), Object(Closure))
#33 D:\\XboxGames\\UTS_A710230009_Laravel-main\\vendor\\laravel\\framework\\src\\Illuminate\\Cookie\\Middleware\\AddQueuedCookiesToResponse.php(37): Illuminate\\Pipeline\\Pipeline->{closure:{closure:Illuminate\\Pipeline\\Pipeline::carry():155}:156}(Object(Illuminate\\Http\\Request))
#34 D:\\XboxGames\\UTS_A710230009_Laravel-main\\vendor\\laravel\\framework\\src\\Illuminate\\Pipeline\\Pipeline.php(180): Illuminate\\Cookie\\Middleware\\AddQueuedCookiesToResponse->handle(Object(Illuminate\\Http\\Request), Object(Closure))
#35 D:\\XboxGames\\UTS_A710230009_Laravel-main\\vendor\\laravel\\framework\\src\\Illuminate\\Cookie\\Middleware\\EncryptCookies.php(67): Illuminate\\Pipeline\\Pipeline->{closure:{closure:Illuminate\\Pipeline\\Pipeline::carry():155}:156}(Object(Illuminate\\Http\\Request))
#36 D:\\XboxGames\\UTS_A710230009_Laravel-main\\vendor\\laravel\\framework\\src\\Illuminate\\Pipeline\\Pipeline.php(180): Illuminate\\Cookie\\Middleware\\EncryptCookies->handle(Object(Illuminate\\Http\\Request), Object(Closure))
#37 D:\\XboxGames\\UTS_A710230009_Laravel-main\\vendor\\laravel\\framework\\src\\Illuminate\\Pipeline\\Pipeline.php(116): Illuminate\\Pipeline\\Pipeline->{closure:{closure:Illuminate\\Pipeline\\Pipeline::carry():155}:156}(Object(Illuminate\\Http\\Request))
#38 D:\\XboxGames\\UTS_A710230009_Laravel-main\\vendor\\laravel\\framework\\src\\Illuminate\\Routing\\Router.php(797): Illuminate\\Pipeline\\Pipeline->then(Object(Closure))
#39 D:\\XboxGames\\UTS_A710230009_Laravel-main\\vendor\\laravel\\framework\\src\\Illuminate\\Routing\\Router.php(776): Illuminate\\Routing\\Router->runRouteWithinStack(Object(Illuminate\\Routing\\Route), Object(Illuminate\\Http\\Request))
#40 D:\\XboxGames\\UTS_A710230009_Laravel-main\\vendor\\laravel\\framework\\src\\Illuminate\\Routing\\Router.php(740): Illuminate\\Routing\\Router->runRoute(Object(Illuminate\\Http\\Request), Object(Illuminate\\Routing\\Route))
#41 D:\\XboxGames\\UTS_A710230009_Laravel-main\\vendor\\laravel\\framework\\src\\Illuminate\\Routing\\Router.php(729): Illuminate\\Routing\\Router->dispatchToRoute(Object(Illuminate\\Http\\Request))
#42 D:\\XboxGames\\UTS_A710230009_Laravel-main\\vendor\\laravel\\framework\\src\\Illuminate\\Foundation\\Http\\Kernel.php(190): Illuminate\\Routing\\Router->dispatch(Object(Illuminate\\Http\\Request))
#43 D:\\XboxGames\\UTS_A710230009_Laravel-main\\vendor\\laravel\\framework\\src\\Illuminate\\Pipeline\\Pipeline.php(141): Illuminate\\Foundation\\Http\\Kernel->{closure:Illuminate\\Foundation\\Http\\Kernel::dispatchToRouter():187}(Object(Illuminate\\Http\\Request))
#44 D:\\XboxGames\\UTS_A710230009_Laravel-main\\vendor\\laravel\\framework\\src\\Illuminate\\Foundation\\Http\\Middleware\\TransformsRequest.php(21): Illuminate\\Pipeline\\Pipeline->{closure:Illuminate\\Pipeline\\Pipeline::prepareDestination():139}(Object(Illuminate\\Http\\Request))
#45 D:\\XboxGames\\UTS_A710230009_Laravel-main\\vendor\\laravel\\framework\\src\\Illuminate\\Foundation\\Http\\Middleware\\ConvertEmptyStringsToNull.php(31): Illuminate\\Foundation\\Http\\Middleware\\TransformsRequest->handle(Object(Illuminate\\Http\\Request), Object(Closure))
#46 D:\\XboxGames\\UTS_A710230009_Laravel-main\\vendor\\laravel\\framework\\src\\Illuminate\\Pipeline\\Pipeline.php(180): Illuminate\\Foundation\\Http\\Middleware\\ConvertEmptyStringsToNull->handle(Object(Illuminate\\Http\\Request), Object(Closure))
#47 D:\\XboxGames\\UTS_A710230009_Laravel-main\\vendor\\laravel\\framework\\src\\Illuminate\\Foundation\\Http\\Middleware\\TransformsRequest.php(21): Illuminate\\Pipeline\\Pipeline->{closure:{closure:Illuminate\\Pipeline\\Pipeline::carry():155}:156}(Object(Illuminate\\Http\\Request))
#48 D:\\XboxGames\\UTS_A710230009_Laravel-main\\vendor\\laravel\\framework\\src\\Illuminate\\Foundation\\Http\\Middleware\\TrimStrings.php(40): Illuminate\\Foundation\\Http\\Middleware\\TransformsRequest->handle(Object(Illuminate\\Http\\Request), Object(Closure))
#49 D:\\XboxGames\\UTS_A710230009_Laravel-main\\vendor\\laravel\\framework\\src\\Illuminate\\Pipeline\\Pipeline.php(180): Illuminate\\Foundation\\Http\\Middleware\\TrimStrings->handle(Object(Illuminate\\Http\\Request), Object(Closure))
#50 D:\\XboxGames\\UTS_A710230009_Laravel-main\\vendor\\laravel\\framework\\src\\Illuminate\\Foundation\\Http\\Middleware\\ValidatePostSize.php(27): Illuminate\\Pipeline\\Pipeline->{closure:{closure:Illuminate\\Pipeline\\Pipeline::carry():155}:156}(Object(Illuminate\\Http\\Request))
#51 D:\\XboxGames\\UTS_A710230009_Laravel-main\\vendor\\laravel\\framework\\src\\Illuminate\\Pipeline\\Pipeline.php(180): Illuminate\\Foundation\\Http\\Middleware\\ValidatePostSize->handle(Object(Illuminate\\Http\\Request), Object(Closure))
#52 D:\\XboxGames\\UTS_A710230009_Laravel-main\\vendor\\laravel\\framework\\src\\Illuminate\\Foundation\\Http\\Middleware\\PreventRequestsDuringMaintenance.php(86): Illuminate\\Pipeline\\Pipeline->{closure:{closure:Illuminate\\Pipeline\\Pipeline::carry():155}:156}(Object(Illuminate\\Http\\Request))
#53 D:\\XboxGames\\UTS_A710230009_Laravel-main\\vendor\\laravel\\framework\\src\\Illuminate\\Pipeline\\Pipeline.php(180): Illuminate\\Foundation\\Http\\Middleware\\PreventRequestsDuringMaintenance->handle(Object(Illuminate\\Http\\Request), Object(Closure))
#54 D:\\XboxGames\\UTS_A710230009_Laravel-main\\vendor\\laravel\\framework\\src\\Illuminate\\Http\\Middleware\\HandleCors.php(49): Illuminate\\Pipeline\\Pipeline->{closure:{closure:Illuminate\\Pipeline\\Pipeline::carry():155}:156}(Object(Illuminate\\Http\\Request))
#55 D:\\XboxGames\\UTS_A710230009_Laravel-main\\vendor\\laravel\\framework\\src\\Illuminate\\Pipeline\\Pipeline.php(180): Illuminate\\Http\\Middleware\\HandleCors->handle(Object(Illuminate\\Http\\Request), Object(Closure))
#56 D:\\XboxGames\\UTS_A710230009_Laravel-main\\vendor\\laravel\\framework\\src\\Illuminate\\Http\\Middleware\\TrustProxies.php(39): Illuminate\\Pipeline\\Pipeline->{closure:{closure:Illuminate\\Pipeline\\Pipeline::carry():155}:156}(Object(Illuminate\\Http\\Request))
#57 D:\\XboxGames\\UTS_A710230009_Laravel-main\\vendor\\laravel\\framework\\src\\Illuminate\\Pipeline\\Pipeline.php(180): Illuminate\\Http\\Middleware\\TrustProxies->handle(Object(Illuminate\\Http\\Request), Object(Closure))
#58 D:\\XboxGames\\UTS_A710230009_Laravel-main\\vendor\\laravel\\framework\\src\\Illuminate\\Pipeline\\Pipeline.php(116): Illuminate\\Pipeline\\Pipeline->{closure:{closure:Illuminate\\Pipeline\\Pipeline::carry():155}:156}(Object(Illuminate\\Http\\Request))
#59 D:\\XboxGames\\UTS_A710230009_Laravel-main\\vendor\\laravel\\framework\\src\\Illuminate\\Foundation\\Http\\Kernel.php(165): Illuminate\\Pipeline\\Pipeline->then(Object(Closure))
#60 D:\\XboxGames\\UTS_A710230009_Laravel-main\\vendor\\laravel\\framework\\src\\Illuminate\\Foundation\\Http\\Kernel.php(134): Illuminate\\Foundation\\Http\\Kernel->sendRequestThroughRouter(Object(Illuminate\\Http\\Request))
#61 D:\\XboxGames\\UTS_A710230009_Laravel-main\\public\\index.php(51): Illuminate\\Foundation\\Http\\Kernel->handle(Object(Illuminate\\Http\\Request))
#62 {main}
"} 
[2026-04-23 10:42:06] local.ERROR: SQLSTATE[HY000] [2002] No connection could be made because the target machine actively refused it (SQL: select * from information_schema.tables where table_schema = laravel and table_name = migrations and table_type = 'BASE TABLE') {"exception":"[object] (Illuminate\\Database\\QueryException(code: 2002): SQLSTATE[HY000] [2002] No connection could be made because the target machine actively refused it (SQL: select * from information_schema.tables where table_schema = laravel and table_name = migrations and table_type = 'BASE TABLE') at D:\\XboxGames\\UTS_A710230009_Laravel-main\\vendor\\laravel\\framework\\src\\Illuminate\\Database\\Connection.php:760)
[stacktrace]
#0 D:\\XboxGames\\UTS_A710230009_Laravel-main\\vendor\\laravel\\framework\\src\\Illuminate\\Database\\Connection.php(720): Illuminate\\Database\\Connection->runQueryCallback('select * from i...', Array, Object(Closure))
#1 D:\\XboxGames\\UTS_A710230009_Laravel-main\\vendor\\laravel\\framework\\src\\Illuminate\\Database\\Connection.php(405): Illuminate\\Database\\Connection->run('select * from i...', Array, Object(Closure))
#2 D:\\XboxGames\\UTS_A710230009_Laravel-main\\vendor\\laravel\\framework\\src\\Illuminate\\Database\\Connection.php(392): Illuminate\\Database\\Connection->select('select * from i...', Array, false)
#3 D:\\XboxGames\\UTS_A710230009_Laravel-main\\vendor\\laravel\\framework\\src\\Illuminate\\Database\\Schema\\MySqlBuilder.php(43): Illuminate\\Database\\Connection->selectFromWriteConnection('select * from i...', Array)
#4 D:\\XboxGames\\UTS_A710230009_Laravel-main\\vendor\\laravel\\framework\\src\\Illuminate\\Database\\Migrations\\DatabaseMigrationRepository.php(169): Illuminate\\Database\\Schema\\MySqlBuilder->hasTable('migrations')
#5 D:\\XboxGames\\UTS_A710230009_Laravel-main\\vendor\\laravel\\framework\\src\\Illuminate\\Database\\Migrations\\Migrator.php(722): Illuminate\\Database\\Migrations\\DatabaseMigrationRepository->repositoryExists()
#6 D:\\XboxGames\\UTS_A710230009_Laravel-main\\vendor\\laravel\\framework\\src\\Illuminate\\Database\\Console\\Migrations\\MigrateCommand.php(138): Illuminate\\Database\\Migrations\\Migrator->repositoryExists()
#7 D:\\XboxGames\\UTS_A710230009_Laravel-main\\vendor\\laravel\\framework\\src\\Illuminate\\Support\\helpers.php(260): Illuminate\\Database\\Console\\Migrations\\MigrateCommand->{closure:Illuminate\\Database\\Console\\Migrations\\MigrateCommand::repositoryExists():138}(1)
#8 D:\\XboxGames\\UTS_A710230009_Laravel-main\\vendor\\laravel\\framework\\src\\Illuminate\\Database\\Console\\Migrations\\MigrateCommand.php(138): retry(1, Object(Closure), 0, Object(Closure))
#9 D:\\XboxGames\\UTS_A710230009_Laravel-main\\vendor\\laravel\\framework\\src\\Illuminate\\Database\\Console\\Migrations\\MigrateCommand.php(114): Illuminate\\Database\\Console\\Migrations\\MigrateCommand->repositoryExists()
#10 D:\\XboxGames\\UTS_A710230009_Laravel-main\\vendor\\laravel\\framework\\src\\Illuminate\\Database\\Console\\Migrations\\MigrateCommand.php(82): Illuminate\\Database\\Console\\Migrations\\MigrateCommand->prepareDatabase()
#11 D:\\XboxGames\\UTS_A710230009_Laravel-main\\vendor\\laravel\\framework\\src\\Illuminate\\Database\\Migrations\\Migrator.php(636): Illuminate\\Database\\Console\\Migrations\\MigrateCommand->{closure:Illuminate\\Database\\Console\\Migrations\\MigrateCommand::handle():81}()
#12 D:\\XboxGames\\UTS_A710230009_Laravel-main\\vendor\\laravel\\framework\\src\\Illuminate\\Database\\Console\\Migrations\\MigrateCommand.php(81): Illuminate\\Database\\Migrations\\Migrator->usingConnection(NULL, Object(Closure))
#13 D:\\XboxGames\\UTS_A710230009_Laravel-main\\vendor\\laravel\\framework\\src\\Illuminate\\Container\\BoundMethod.php(36): Illuminate\\Database\\Console\\Migrations\\MigrateCommand->handle()
#14 D:\\XboxGames\\UTS_A710230009_Laravel-main\\vendor\\laravel\\framework\\src\\Illuminate\\Container\\Util.php(41): Illuminate\\Container\\BoundMethod::{closure:Illuminate\\Container\\BoundMethod::call():35}()
#15 D:\\XboxGames\\UTS_A710230009_Laravel-main\\vendor\\laravel\\framework\\src\\Illuminate\\Container\\BoundMethod.php(93): Illuminate\\Container\\Util::unwrapIfClosure(Object(Closure))
#16 D:\\XboxGames\\UTS_A710230009_Laravel-main\\vendor\\laravel\\framework\\src\\Illuminate\\Container\\BoundMethod.php(35): Illuminate\\Container\\BoundMethod::callBoundMethod(Object(Illuminate\\Foundation\\Application), Array, Object(Closure))
#17 D:\\XboxGames\\UTS_A710230009_Laravel-main\\vendor\\laravel\\framework\\src\\Illuminate\\Container\\Container.php(661): Illuminate\\Container\\BoundMethod::call(Object(Illuminate\\Foundation\\Application), Array, Array, NULL)
#18 D:\\XboxGames\\UTS_A710230009_Laravel-main\\vendor\\laravel\\framework\\src\\Illuminate\\Console\\Command.php(183): Illuminate\\Container\\Container->call(Array)
#19 D:\\XboxGames\\UTS_A710230009_Laravel-main\\vendor\\symfony\\console\\Command\\Command.php(326): Illuminate\\Console\\Command->execute(Object(Symfony\\Component\\Console\\Input\\ArgvInput), Object(Illuminate\\Console\\OutputStyle))
#20 D:\\XboxGames\\UTS_A710230009_Laravel-main\\vendor\\laravel\\framework\\src\\Illuminate\\Console\\Command.php(152): Symfony\\Component\\Console\\Command\\Command->run(Object(Symfony\\Component\\Console\\Input\\ArgvInput), Object(Illuminate\\Console\\OutputStyle))
#21 D:\\XboxGames\\UTS_A710230009_Laravel-main\\vendor\\symfony\\console\\Application.php(1098): Illuminate\\Console\\Command->run(Object(Symfony\\Component\\Console\\Input\\ArgvInput), Object(Symfony\\Component\\Console\\Output\\ConsoleOutput))
#22 D:\\XboxGames\\UTS_A710230009_Laravel-main\\vendor\\symfony\\console\\Application.php(324): Symfony\\Component\\Console\\Application->doRunCommand(Object(Illuminate\\Database\\Console\\Migrations\\MigrateCommand), Object(Symfony\\Component\\Console\\Input\\ArgvInput), Object(Symfony\\Component\\Console\\Output\\ConsoleOutput))
#23 D:\\XboxGames\\UTS_A710230009_Laravel-main\\vendor\\symfony\\console\\Application.php(175): Symfony\\Component\\Console\\Application->doRun(Object(Symfony\\Component\\Console\\Input\\ArgvInput), Object(Symfony\\Component\\Console\\Output\\ConsoleOutput))
#24 D:\\XboxGames\\UTS_A710230009_Laravel-main\\vendor\\laravel\\framework\\src\\Illuminate\\Console\\Application.php(102): Symfony\\Component\\Console\\Application->run(Object(Symfony\\Component\\Console\\Input\\ArgvInput), Object(Symfony\\Component\\Console\\Output\\ConsoleOutput))
#25 D:\\XboxGames\\UTS_A710230009_Laravel-main\\vendor\\laravel\\framework\\src\\Illuminate\\Foundation\\Console\\Kernel.php(155): Illuminate\\Console\\Application->run(Object(Symfony\\Component\\Console\\Input\\ArgvInput), Object(Symfony\\Component\\Console\\Output\\ConsoleOutput))
#26 D:\\XboxGames\\UTS_A710230009_Laravel-main\\artisan(35): Illuminate\\Foundation\\Console\\Kernel->handle(Object(Symfony\\Component\\Console\\Input\\ArgvInput), Object(Symfony\\Component\\Console\\Output\\ConsoleOutput))
#27 {main}

[previous exception] [object] (PDOException(code: 2002): SQLSTATE[HY000] [2002] No connection could be made because the target machine actively refused it at D:\\XboxGames\\UTS_A710230009_Laravel-main\\vendor\\laravel\\framework\\src\\Illuminate\\Database\\Connectors\\Connector.php:70)
[stacktrace]
#0 D:\\XboxGames\\UTS_A710230009_Laravel-main\\vendor\\laravel\\framework\\src\\Illuminate\\Database\\Connectors\\Connector.php(70): PDO->__construct('mysql:host=127....', 'root', Object(SensitiveParameterValue), Array)
#1 D:\\XboxGames\\UTS_A710230009_Laravel-main\\vendor\\laravel\\framework\\src\\Illuminate\\Database\\Connectors\\Connector.php(45): Illuminate\\Database\\Connectors\\Connector->createPdoConnection('mysql:host=127....', 'root', '', Array)
#2 D:\\XboxGames\\UTS_A710230009_Laravel-main\\vendor\\laravel\\framework\\src\\Illuminate\\Database\\Connectors\\MySqlConnector.php(24): Illuminate\\Database\\Connectors\\Connector->createConnection('mysql:host=127....', Array, Array)
#3 D:\\XboxGames\\UTS_A710230009_Laravel-main\\vendor\\laravel\\framework\\src\\Illuminate\\Database\\Connectors\\ConnectionFactory.php(184): Illuminate\\Database\\Connectors\\MySqlConnector->connect(Array)
#4 [internal function]: Illuminate\\Database\\Connectors\\ConnectionFactory->{closure:Illuminate\\Database\\Connectors\\ConnectionFactory::createPdoResolverWithHosts():179}()
#5 D:\\XboxGames\\UTS_A710230009_Laravel-main\\vendor\\laravel\\framework\\src\\Illuminate\\Database\\Connection.php(1181): call_user_func(Object(Closure))
#6 D:\\XboxGames\\UTS_A710230009_Laravel-main\\vendor\\laravel\\framework\\src\\Illuminate\\Database\\Connection.php(486): Illuminate\\Database\\Connection->getPdo()
#7 D:\\XboxGames\\UTS_A710230009_Laravel-main\\vendor\\laravel\\framework\\src\\Illuminate\\Database\\Connection.php(414): Illuminate\\Database\\Connection->getPdoForSelect(false)
#8 D:\\XboxGames\\UTS_A710230009_Laravel-main\\vendor\\laravel\\framework\\src\\Illuminate\\Database\\Connection.php(753): Illuminate\\Database\\Connection->{closure:Illuminate\\Database\\Connection::select():405}('select * from i...', Array)
#9 D:\\XboxGames\\UTS_A710230009_Laravel-main\\vendor\\laravel\\framework\\src\\Illuminate\\Database\\Connection.php(720): Illuminate\\Database\\Connection->runQueryCallback('select * from i...', Array, Object(Closure))
#10 D:\\XboxGames\\UTS_A710230009_Laravel-main\\vendor\\laravel\\framework\\src\\Illuminate\\Database\\Connection.php(405): Illuminate\\Database\\Connection->run('select * from i...', Array, Object(Closure))
#11 D:\\XboxGames\\UTS_A710230009_Laravel-main\\vendor\\laravel\\framework\\src\\Illuminate\\Database\\Connection.php(392): Illuminate\\Database\\Connection->select('select * from i...', Array, false)
#12 D:\\XboxGames\\UTS_A710230009_Laravel-main\\vendor\\laravel\\framework\\src\\Illuminate\\Database\\Schema\\MySqlBuilder.php(43): Illuminate\\Database\\Connection->selectFromWriteConnection('select * from i...', Array)
#13 D:\\XboxGames\\UTS_A710230009_Laravel-main\\vendor\\laravel\\framework\\src\\Illuminate\\Database\\Migrations\\DatabaseMigrationRepository.php(169): Illuminate\\Database\\Schema\\MySqlBuilder->hasTable('migrations')
#14 D:\\XboxGames\\UTS_A710230009_Laravel-main\\vendor\\laravel\\framework\\src\\Illuminate\\Database\\Migrations\\Migrator.php(722): Illuminate\\Database\\Migrations\\DatabaseMigrationRepository->repositoryExists()
#15 D:\\XboxGames\\UTS_A710230009_Laravel-main\\vendor\\laravel\\framework\\src\\Illuminate\\Database\\Console\\Migrations\\MigrateCommand.php(138): Illuminate\\Database\\Migrations\\Migrator->repositoryExists()
#16 D:\\XboxGames\\UTS_A710230009_Laravel-main\\vendor\\laravel\\framework\\src\\Illuminate\\Support\\helpers.php(260): Illuminate\\Database\\Console\\Migrations\\MigrateCommand->{closure:Illuminate\\Database\\Console\\Migrations\\MigrateCommand::repositoryExists():138}(1)
#17 D:\\XboxGames\\UTS_A710230009_Laravel-main\\vendor\\laravel\\framework\\src\\Illuminate\\Database\\Console\\Migrations\\MigrateCommand.php(138): retry(1, Object(Closure), 0, Object(Closure))
#18 D:\\XboxGames\\UTS_A710230009_Laravel-main\\vendor\\laravel\\framework\\src\\Illuminate\\Database\\Console\\Migrations\\MigrateCommand.php(114): Illuminate\\Database\\Console\\Migrations\\MigrateCommand->repositoryExists()
#19 D:\\XboxGames\\UTS_A710230009_Laravel-main\\vendor\\laravel\\framework\\src\\Illuminate\\Database\\Console\\Migrations\\MigrateCommand.php(82): Illuminate\\Database\\Console\\Migrations\\MigrateCommand->prepareDatabase()
#20 D:\\XboxGames\\UTS_A710230009_Laravel-main\\vendor\\laravel\\framework\\src\\Illuminate\\Database\\Migrations\\Migrator.php(636): Illuminate\\Database\\Console\\Migrations\\MigrateCommand->{closure:Illuminate\\Database\\Console\\Migrations\\MigrateCommand::handle():81}()
#21 D:\\XboxGames\\UTS_A710230009_Laravel-main\\vendor\\laravel\\framework\\src\\Illuminate\\Database\\Console\\Migrations\\MigrateCommand.php(81): Illuminate\\Database\\Migrations\\Migrator->usingConnection(NULL, Object(Closure))
#22 D:\\XboxGames\\UTS_A710230009_Laravel-main\\vendor\\laravel\\framework\\src\\Illuminate\\Container\\BoundMethod.php(36): Illuminate\\Database\\Console\\Migrations\\MigrateCommand->handle()
#23 D:\\XboxGames\\UTS_A710230009_Laravel-main\\vendor\\laravel\\framework\\src\\Illuminate\\Container\\Util.php(41): Illuminate\\Container\\BoundMethod::{closure:Illuminate\\Container\\BoundMethod::call():35}()
#24 D:\\XboxGames\\UTS_A710230009_Laravel-main\\vendor\\laravel\\framework\\src\\Illuminate\\Container\\BoundMethod.php(93): Illuminate\\Container\\Util::unwrapIfClosure(Object(Closure))
#25 D:\\XboxGames\\UTS_A710230009_Laravel-main\\vendor\\laravel\\framework\\src\\Illuminate\\Container\\BoundMethod.php(35): Illuminate\\Container\\BoundMethod::callBoundMethod(Object(Illuminate\\Foundation\\Application), Array, Object(Closure))
#26 D:\\XboxGames\\UTS_A710230009_Laravel-main\\vendor\\laravel\\framework\\src\\Illuminate\\Container\\Container.php(661): Illuminate\\Container\\BoundMethod::call(Object(Illuminate\\Foundation\\Application), Array, Array, NULL)
#27 D:\\XboxGames\\UTS_A710230009_Laravel-main\\vendor\\laravel\\framework\\src\\Illuminate\\Console\\Command.php(183): Illuminate\\Container\\Container->call(Array)
#28 D:\\XboxGames\\UTS_A710230009_Laravel-main\\vendor\\symfony\\console\\Command\\Command.php(326): Illuminate\\Console\\Command->execute(Object(Symfony\\Component\\Console\\Input\\ArgvInput), Object(Illuminate\\Console\\OutputStyle))
#29 D:\\XboxGames\\UTS_A710230009_Laravel-main\\vendor\\laravel\\framework\\src\\Illuminate\\Console\\Command.php(152): Symfony\\Component\\Console\\Command\\Command->run(Object(Symfony\\Component\\Console\\Input\\ArgvInput), Object(Illuminate\\Console\\OutputStyle))
#30 D:\\XboxGames\\UTS_A710230009_Laravel-main\\vendor\\symfony\\console\\Application.php(1098): Illuminate\\Console\\Command->run(Object(Symfony\\Component\\Console\\Input\\ArgvInput), Object(Symfony\\Component\\Console\\Output\\ConsoleOutput))
#31 D:\\XboxGames\\UTS_A710230009_Laravel-main\\vendor\\symfony\\console\\Application.php(324): Symfony\\Component\\Console\\Application->doRunCommand(Object(Illuminate\\Database\\Console\\Migrations\\MigrateCommand), Object(Symfony\\Component\\Console\\Input\\ArgvInput), Object(Symfony\\Component\\Console\\Output\\ConsoleOutput))
#32 D:\\XboxGames\\UTS_A710230009_Laravel-main\\vendor\\symfony\\console\\Application.php(175): Symfony\\Component\\Console\\Application->doRun(Object(Symfony\\Component\\Console\\Input\\ArgvInput), Object(Symfony\\Component\\Console\\Output\\ConsoleOutput))
#33 D:\\XboxGames\\UTS_A710230009_Laravel-main\\vendor\\laravel\\framework\\src\\Illuminate\\Console\\Application.php(102): Symfony\\Component\\Console\\Application->run(Object(Symfony\\Component\\Console\\Input\\ArgvInput), Object(Symfony\\Component\\Console\\Output\\ConsoleOutput))
#34 D:\\XboxGames\\UTS_A710230009_Laravel-main\\vendor\\laravel\\framework\\src\\Illuminate\\Foundation\\Console\\Kernel.php(155): Illuminate\\Console\\Application->run(Object(Symfony\\Component\\Console\\Input\\ArgvInput), Object(Symfony\\Component\\Console\\Output\\ConsoleOutput))
#35 D:\\XboxGames\\UTS_A710230009_Laravel-main\\artisan(35): Illuminate\\Foundation\\Console\\Kernel->handle(Object(Symfony\\Component\\Console\\Input\\ArgvInput), Object(Symfony\\Component\\Console\\Output\\ConsoleOutput))
#36 {main}
"} 
[2026-04-23 10:44:23] local.ERROR: SQLSTATE[HY000] [2002] No connection could be made because the target machine actively refused it (SQL: select * from information_schema.tables where table_schema = laravel and table_name = migrations and table_type = 'BASE TABLE') {"exception":"[object] (Illuminate\\Database\\QueryException(code: 2002): SQLSTATE[HY000] [2002] No connection could be made because the target machine actively refused it (SQL: select * from information_schema.tables where table_schema = laravel and table_name = migrations and table_type = 'BASE TABLE') at D:\\XboxGames\\UTS_A710230009_Laravel-main\\vendor\\laravel\\framework\\src\\Illuminate\\Database\\Connection.php:760)
[stacktrace]
#0 D:\\XboxGames\\UTS_A710230009_Laravel-main\\vendor\\laravel\\framework\\src\\Illuminate\\Database\\Connection.php(720): Illuminate\\Database\\Connection->runQueryCallback('select * from i...', Array, Object(Closure))
#1 D:\\XboxGames\\UTS_A710230009_Laravel-main\\vendor\\laravel\\framework\\src\\Illuminate\\Database\\Connection.php(405): Illuminate\\Database\\Connection->run('select * from i...', Array, Object(Closure))
#2 D:\\XboxGames\\UTS_A710230009_Laravel-main\\vendor\\laravel\\framework\\src\\Illuminate\\Database\\Connection.php(392): Illuminate\\Database\\Connection->select('select * from i...', Array, false)
#3 D:\\XboxGames\\UTS_A710230009_Laravel-main\\vendor\\laravel\\framework\\src\\Illuminate\\Database\\Schema\\MySqlBuilder.php(43): Illuminate\\Database\\Connection->selectFromWriteConnection('select * from i...', Array)
#4 D:\\XboxGames\\UTS_A710230009_Laravel-main\\vendor\\laravel\\framework\\src\\Illuminate\\Database\\Migrations\\DatabaseMigrationRepository.php(169): Illuminate\\Database\\Schema\\MySqlBuilder->hasTable('migrations')
#5 D:\\XboxGames\\UTS_A710230009_Laravel-main\\vendor\\laravel\\framework\\src\\Illuminate\\Database\\Migrations\\Migrator.php(722): Illuminate\\Database\\Migrations\\DatabaseMigrationRepository->repositoryExists()
#6 D:\\XboxGames\\UTS_A710230009_Laravel-main\\vendor\\laravel\\framework\\src\\Illuminate\\Database\\Console\\Migrations\\MigrateCommand.php(138): Illuminate\\Database\\Migrations\\Migrator->repositoryExists()
#7 D:\\XboxGames\\UTS_A710230009_Laravel-main\\vendor\\laravel\\framework\\src\\Illuminate\\Support\\helpers.php(260): Illuminate\\Database\\Console\\Migrations\\MigrateCommand->{closure:Illuminate\\Database\\Console\\Migrations\\MigrateCommand::repositoryExists():138}(1)
#8 D:\\XboxGames\\UTS_A710230009_Laravel-main\\vendor\\laravel\\framework\\src\\Illuminate\\Database\\Console\\Migrations\\MigrateCommand.php(138): retry(1, Object(Closure), 0, Object(Closure))
#9 D:\\XboxGames\\UTS_A710230009_Laravel-main\\vendor\\laravel\\framework\\src\\Illuminate\\Database\\Console\\Migrations\\MigrateCommand.php(114): Illuminate\\Database\\Console\\Migrations\\MigrateCommand->repositoryExists()
#10 D:\\XboxGames\\UTS_A710230009_Laravel-main\\vendor\\laravel\\framework\\src\\Illuminate\\Database\\Console\\Migrations\\MigrateCommand.php(82): Illuminate\\Database\\Console\\Migrations\\MigrateCommand->prepareDatabase()
#11 D:\\XboxGames\\UTS_A710230009_Laravel-main\\vendor\\laravel\\framework\\src\\Illuminate\\Database\\Migrations\\Migrator.php(636): Illuminate\\Database\\Console\\Migrations\\MigrateCommand->{closure:Illuminate\\Database\\Console\\Migrations\\MigrateCommand::handle():81}()
#12 D:\\XboxGames\\UTS_A710230009_Laravel-main\\vendor\\laravel\\framework\\src\\Illuminate\\Database\\Console\\Migrations\\MigrateCommand.php(81): Illuminate\\Database\\Migrations\\Migrator->usingConnection(NULL, Object(Closure))
#13 D:\\XboxGames\\UTS_A710230009_Laravel-main\\vendor\\laravel\\framework\\src\\Illuminate\\Container\\BoundMethod.php(36): Illuminate\\Database\\Console\\Migrations\\MigrateCommand->handle()
#14 D:\\XboxGames\\UTS_A710230009_Laravel-main\\vendor\\laravel\\framework\\src\\Illuminate\\Container\\Util.php(41): Illuminate\\Container\\BoundMethod::{closure:Illuminate\\Container\\BoundMethod::call():35}()
#15 D:\\XboxGames\\UTS_A710230009_Laravel-main\\vendor\\laravel\\framework\\src\\Illuminate\\Container\\BoundMethod.php(93): Illuminate\\Container\\Util::unwrapIfClosure(Object(Closure))
#16 D:\\XboxGames\\UTS_A710230009_Laravel-main\\vendor\\laravel\\framework\\src\\Illuminate\\Container\\BoundMethod.php(35): Illuminate\\Container\\BoundMethod::callBoundMethod(Object(Illuminate\\Foundation\\Application), Array, Object(Closure))
#17 D:\\XboxGames\\UTS_A710230009_Laravel-main\\vendor\\laravel\\framework\\src\\Illuminate\\Container\\Container.php(661): Illuminate\\Container\\BoundMethod::call(Object(Illuminate\\Foundation\\Application), Array, Array, NULL)
#18 D:\\XboxGames\\UTS_A710230009_Laravel-main\\vendor\\laravel\\framework\\src\\Illuminate\\Console\\Command.php(183): Illuminate\\Container\\Container->call(Array)
#19 D:\\XboxGames\\UTS_A710230009_Laravel-main\\vendor\\symfony\\console\\Command\\Command.php(326): Illuminate\\Console\\Command->execute(Object(Symfony\\Component\\Console\\Input\\ArgvInput), Object(Illuminate\\Console\\OutputStyle))
#20 D:\\XboxGames\\UTS_A710230009_Laravel-main\\vendor\\laravel\\framework\\src\\Illuminate\\Console\\Command.php(152): Symfony\\Component\\Console\\Command\\Command->run(Object(Symfony\\Component\\Console\\Input\\ArgvInput), Object(Illuminate\\Console\\OutputStyle))
#21 D:\\XboxGames\\UTS_A710230009_Laravel-main\\vendor\\symfony\\console\\Application.php(1098): Illuminate\\Console\\Command->run(Object(Symfony\\Component\\Console\\Input\\ArgvInput), Object(Symfony\\Component\\Console\\Output\\ConsoleOutput))
#22 D:\\XboxGames\\UTS_A710230009_Laravel-main\\vendor\\symfony\\console\\Application.php(324): Symfony\\Component\\Console\\Application->doRunCommand(Object(Illuminate\\Database\\Console\\Migrations\\MigrateCommand), Object(Symfony\\Component\\Console\\Input\\ArgvInput), Object(Symfony\\Component\\Console\\Output\\ConsoleOutput))
#23 D:\\XboxGames\\UTS_A710230009_Laravel-main\\vendor\\symfony\\console\\Application.php(175): Symfony\\Component\\Console\\Application->doRun(Object(Symfony\\Component\\Console\\Input\\ArgvInput), Object(Symfony\\Component\\Console\\Output\\ConsoleOutput))
#24 D:\\XboxGames\\UTS_A710230009_Laravel-main\\vendor\\laravel\\framework\\src\\Illuminate\\Console\\Application.php(102): Symfony\\Component\\Console\\Application->run(Object(Symfony\\Component\\Console\\Input\\ArgvInput), Object(Symfony\\Component\\Console\\Output\\ConsoleOutput))
#25 D:\\XboxGames\\UTS_A710230009_Laravel-main\\vendor\\laravel\\framework\\src\\Illuminate\\Foundation\\Console\\Kernel.php(155): Illuminate\\Console\\Application->run(Object(Symfony\\Component\\Console\\Input\\ArgvInput), Object(Symfony\\Component\\Console\\Output\\ConsoleOutput))
#26 D:\\XboxGames\\UTS_A710230009_Laravel-main\\artisan(35): Illuminate\\Foundation\\Console\\Kernel->handle(Object(Symfony\\Component\\Console\\Input\\ArgvInput), Object(Symfony\\Component\\Console\\Output\\ConsoleOutput))
#27 {main}

[previous exception] [object] (PDOException(code: 2002): SQLSTATE[HY000] [2002] No connection could be made because the target machine actively refused it at D:\\XboxGames\\UTS_A710230009_Laravel-main\\vendor\\laravel\\framework\\src\\Illuminate\\Database\\Connectors\\Connector.php:70)
[stacktrace]
#0 D:\\XboxGames\\UTS_A710230009_Laravel-main\\vendor\\laravel\\framework\\src\\Illuminate\\Database\\Connectors\\Connector.php(70): PDO->__construct('mysql:host=127....', 'root', Object(SensitiveParameterValue), Array)
#1 D:\\XboxGames\\UTS_A710230009_Laravel-main\\vendor\\laravel\\framework\\src\\Illuminate\\Database\\Connectors\\Connector.php(45): Illuminate\\Database\\Connectors\\Connector->createPdoConnection('mysql:host=127....', 'root', '', Array)
#2 D:\\XboxGames\\UTS_A710230009_Laravel-main\\vendor\\laravel\\framework\\src\\Illuminate\\Database\\Connectors\\MySqlConnector.php(24): Illuminate\\Database\\Connectors\\Connector->createConnection('mysql:host=127....', Array, Array)
#3 D:\\XboxGames\\UTS_A710230009_Laravel-main\\vendor\\laravel\\framework\\src\\Illuminate\\Database\\Connectors\\ConnectionFactory.php(184): Illuminate\\Database\\Connectors\\MySqlConnector->connect(Array)
#4 [internal function]: Illuminate\\Database\\Connectors\\ConnectionFactory->{closure:Illuminate\\Database\\Connectors\\ConnectionFactory::createPdoResolverWithHosts():179}()
#5 D:\\XboxGames\\UTS_A710230009_Laravel-main\\vendor\\laravel\\framework\\src\\Illuminate\\Database\\Connection.php(1181): call_user_func(Object(Closure))
#6 D:\\XboxGames\\UTS_A710230009_Laravel-main\\vendor\\laravel\\framework\\src\\Illuminate\\Database\\Connection.php(486): Illuminate\\Database\\Connection->getPdo()
#7 D:\\XboxGames\\UTS_A710230009_Laravel-main\\vendor\\laravel\\framework\\src\\Illuminate\\Database\\Connection.php(414): Illuminate\\Database\\Connection->getPdoForSelect(false)
#8 D:\\XboxGames\\UTS_A710230009_Laravel-main\\vendor\\laravel\\framework\\src\\Illuminate\\Database\\Connection.php(753): Illuminate\\Database\\Connection->{closure:Illuminate\\Database\\Connection::select():405}('select * from i...', Array)
#9 D:\\XboxGames\\UTS_A710230009_Laravel-main\\vendor\\laravel\\framework\\src\\Illuminate\\Database\\Connection.php(720): Illuminate\\Database\\Connection->runQueryCallback('select * from i...', Array, Object(Closure))
#10 D:\\XboxGames\\UTS_A710230009_Laravel-main\\vendor\\laravel\\framework\\src\\Illuminate\\Database\\Connection.php(405): Illuminate\\Database\\Connection->run('select * from i...', Array, Object(Closure))
#11 D:\\XboxGames\\UTS_A710230009_Laravel-main\\vendor\\laravel\\framework\\src\\Illuminate\\Database\\Connection.php(392): Illuminate\\Database\\Connection->select('select * from i...', Array, false)
#12 D:\\XboxGames\\UTS_A710230009_Laravel-main\\vendor\\laravel\\framework\\src\\Illuminate\\Database\\Schema\\MySqlBuilder.php(43): Illuminate\\Database\\Connection->selectFromWriteConnection('select * from i...', Array)
#13 D:\\XboxGames\\UTS_A710230009_Laravel-main\\vendor\\laravel\\framework\\src\\Illuminate\\Database\\Migrations\\DatabaseMigrationRepository.php(169): Illuminate\\Database\\Schema\\MySqlBuilder->hasTable('migrations')
#14 D:\\XboxGames\\UTS_A710230009_Laravel-main\\vendor\\laravel\\framework\\src\\Illuminate\\Database\\Migrations\\Migrator.php(722): Illuminate\\Database\\Migrations\\DatabaseMigrationRepository->repositoryExists()
#15 D:\\XboxGames\\UTS_A710230009_Laravel-main\\vendor\\laravel\\framework\\src\\Illuminate\\Database\\Console\\Migrations\\MigrateCommand.php(138): Illuminate\\Database\\Migrations\\Migrator->repositoryExists()
#16 D:\\XboxGames\\UTS_A710230009_Laravel-main\\vendor\\laravel\\framework\\src\\Illuminate\\Support\\helpers.php(260): Illuminate\\Database\\Console\\Migrations\\MigrateCommand->{closure:Illuminate\\Database\\Console\\Migrations\\MigrateCommand::repositoryExists():138}(1)
#17 D:\\XboxGames\\UTS_A710230009_Laravel-main\\vendor\\laravel\\framework\\src\\Illuminate\\Database\\Console\\Migrations\\MigrateCommand.php(138): retry(1, Object(Closure), 0, Object(Closure))
#18 D:\\XboxGames\\UTS_A710230009_Laravel-main\\vendor\\laravel\\framework\\src\\Illuminate\\Database\\Console\\Migrations\\MigrateCommand.php(114): Illuminate\\Database\\Console\\Migrations\\MigrateCommand->repositoryExists()
#19 D:\\XboxGames\\UTS_A710230009_Laravel-main\\vendor\\laravel\\framework\\src\\Illuminate\\Database\\Console\\Migrations\\MigrateCommand.php(82): Illuminate\\Database\\Console\\Migrations\\MigrateCommand->prepareDatabase()
#20 D:\\XboxGames\\UTS_A710230009_Laravel-main\\vendor\\laravel\\framework\\src\\Illuminate\\Database\\Migrations\\Migrator.php(636): Illuminate\\Database\\Console\\Migrations\\MigrateCommand->{closure:Illuminate\\Database\\Console\\Migrations\\MigrateCommand::handle():81}()
#21 D:\\XboxGames\\UTS_A710230009_Laravel-main\\vendor\\laravel\\framework\\src\\Illuminate\\Database\\Console\\Migrations\\MigrateCommand.php(81): Illuminate\\Database\\Migrations\\Migrator->usingConnection(NULL, Object(Closure))
#22 D:\\XboxGames\\UTS_A710230009_Laravel-main\\vendor\\laravel\\framework\\src\\Illuminate\\Container\\BoundMethod.php(36): Illuminate\\Database\\Console\\Migrations\\MigrateCommand->handle()
#23 D:\\XboxGames\\UTS_A710230009_Laravel-main\\vendor\\laravel\\framework\\src\\Illuminate\\Container\\Util.php(41): Illuminate\\Container\\BoundMethod::{closure:Illuminate\\Container\\BoundMethod::call():35}()
#24 D:\\XboxGames\\UTS_A710230009_Laravel-main\\vendor\\laravel\\framework\\src\\Illuminate\\Container\\BoundMethod.php(93): Illuminate\\Container\\Util::unwrapIfClosure(Object(Closure))
#25 D:\\XboxGames\\UTS_A710230009_Laravel-main\\vendor\\laravel\\framework\\src\\Illuminate\\Container\\BoundMethod.php(35): Illuminate\\Container\\BoundMethod::callBoundMethod(Object(Illuminate\\Foundation\\Application), Array, Object(Closure))
#26 D:\\XboxGames\\UTS_A710230009_Laravel-main\\vendor\\laravel\\framework\\src\\Illuminate\\Container\\Container.php(661): Illuminate\\Container\\BoundMethod::call(Object(Illuminate\\Foundation\\Application), Array, Array, NULL)
#27 D:\\XboxGames\\UTS_A710230009_Laravel-main\\vendor\\laravel\\framework\\src\\Illuminate\\Console\\Command.php(183): Illuminate\\Container\\Container->call(Array)
#28 D:\\XboxGames\\UTS_A710230009_Laravel-main\\vendor\\symfony\\console\\Command\\Command.php(326): Illuminate\\Console\\Command->execute(Object(Symfony\\Component\\Console\\Input\\ArgvInput), Object(Illuminate\\Console\\OutputStyle))
#29 D:\\XboxGames\\UTS_A710230009_Laravel-main\\vendor\\laravel\\framework\\src\\Illuminate\\Console\\Command.php(152): Symfony\\Component\\Console\\Command\\Command->run(Object(Symfony\\Component\\Console\\Input\\ArgvInput), Object(Illuminate\\Console\\OutputStyle))
#30 D:\\XboxGames\\UTS_A710230009_Laravel-main\\vendor\\symfony\\console\\Application.php(1098): Illuminate\\Console\\Command->run(Object(Symfony\\Component\\Console\\Input\\ArgvInput), Object(Symfony\\Component\\Console\\Output\\ConsoleOutput))
#31 D:\\XboxGames\\UTS_A710230009_Laravel-main\\vendor\\symfony\\console\\Application.php(324): Symfony\\Component\\Console\\Application->doRunCommand(Object(Illuminate\\Database\\Console\\Migrations\\MigrateCommand), Object(Symfony\\Component\\Console\\Input\\ArgvInput), Object(Symfony\\Component\\Console\\Output\\ConsoleOutput))
#32 D:\\XboxGames\\UTS_A710230009_Laravel-main\\vendor\\symfony\\console\\Application.php(175): Symfony\\Component\\Console\\Application->doRun(Object(Symfony\\Component\\Console\\Input\\ArgvInput), Object(Symfony\\Component\\Console\\Output\\ConsoleOutput))
#33 D:\\XboxGames\\UTS_A710230009_Laravel-main\\vendor\\laravel\\framework\\src\\Illuminate\\Console\\Application.php(102): Symfony\\Component\\Console\\Application->run(Object(Symfony\\Component\\Console\\Input\\ArgvInput), Object(Symfony\\Component\\Console\\Output\\ConsoleOutput))
#34 D:\\XboxGames\\UTS_A710230009_Laravel-main\\vendor\\laravel\\framework\\src\\Illuminate\\Foundation\\Console\\Kernel.php(155): Illuminate\\Console\\Application->run(Object(Symfony\\Component\\Console\\Input\\ArgvInput), Object(Symfony\\Component\\Console\\Output\\ConsoleOutput))
#35 D:\\XboxGames\\UTS_A710230009_Laravel-main\\artisan(35): Illuminate\\Foundation\\Console\\Kernel->handle(Object(Symfony\\Component\\Console\\Input\\ArgvInput), Object(Symfony\\Component\\Console\\Output\\ConsoleOutput))
#36 {main}
"} 
[2026-04-23 10:45:02] local.ERROR: SQLSTATE[HY000] [2002] No connection could be made because the target machine actively refused it (SQL: delete from `cache`) {"exception":"[object] (Illuminate\\Database\\QueryException(code: 2002): SQLSTATE[HY000] [2002] No connection could be made because the target machine actively refused it (SQL: delete from `cache`) at D:\\XboxGames\\UTS_A710230009_Laravel-main\\vendor\\laravel\\framework\\src\\Illuminate\\Database\\Connection.php:760)
[stacktrace]
#0 D:\\XboxGames\\UTS_A710230009_Laravel-main\\vendor\\laravel\\framework\\src\\Illuminate\\Database\\Connection.php(720): Illuminate\\Database\\Connection->runQueryCallback('delete from `ca...', Array, Object(Closure))
#1 D:\\XboxGames\\UTS_A710230009_Laravel-main\\vendor\\laravel\\framework\\src\\Illuminate\\Database\\Connection.php(558): Illuminate\\Database\\Connection->run('delete from `ca...', Array, Object(Closure))
#2 D:\\XboxGames\\UTS_A710230009_Laravel-main\\vendor\\laravel\\framework\\src\\Illuminate\\Database\\Connection.php(522): Illuminate\\Database\\Connection->affectingStatement('delete from `ca...', Array)
#3 D:\\XboxGames\\UTS_A710230009_Laravel-main\\vendor\\laravel\\framework\\src\\Illuminate\\Database\\Query\\Builder.php(3550): Illuminate\\Database\\Connection->delete('delete from `ca...', Array)
#4 D:\\XboxGames\\UTS_A710230009_Laravel-main\\vendor\\laravel\\framework\\src\\Illuminate\\Cache\\DatabaseStore.php(316): Illuminate\\Database\\Query\\Builder->delete()
#5 D:\\XboxGames\\UTS_A710230009_Laravel-main\\vendor\\laravel\\framework\\src\\Illuminate\\Cache\\Repository.php(680): Illuminate\\Cache\\DatabaseStore->flush()
#6 D:\\XboxGames\\UTS_A710230009_Laravel-main\\vendor\\laravel\\framework\\src\\Illuminate\\Cache\\Console\\ClearCommand.php(80): Illuminate\\Cache\\Repository->__call('flush', Array)
#7 D:\\XboxGames\\UTS_A710230009_Laravel-main\\vendor\\laravel\\framework\\src\\Illuminate\\Container\\BoundMethod.php(36): Illuminate\\Cache\\Console\\ClearCommand->handle()
#8 D:\\XboxGames\\UTS_A710230009_Laravel-main\\vendor\\laravel\\framework\\src\\Illuminate\\Container\\Util.php(41): Illuminate\\Container\\BoundMethod::{closure:Illuminate\\Container\\BoundMethod::call():35}()
#9 D:\\XboxGames\\UTS_A710230009_Laravel-main\\vendor\\laravel\\framework\\src\\Illuminate\\Container\\BoundMethod.php(93): Illuminate\\Container\\Util::unwrapIfClosure(Object(Closure))
#10 D:\\XboxGames\\UTS_A710230009_Laravel-main\\vendor\\laravel\\framework\\src\\Illuminate\\Container\\BoundMethod.php(35): Illuminate\\Container\\BoundMethod::callBoundMethod(Object(Illuminate\\Foundation\\Application), Array, Object(Closure))
#11 D:\\XboxGames\\UTS_A710230009_Laravel-main\\vendor\\laravel\\framework\\src\\Illuminate\\Container\\Container.php(661): Illuminate\\Container\\BoundMethod::call(Object(Illuminate\\Foundation\\Application), Array, Array, NULL)
#12 D:\\XboxGames\\UTS_A710230009_Laravel-main\\vendor\\laravel\\framework\\src\\Illuminate\\Console\\Command.php(183): Illuminate\\Container\\Container->call(Array)
#13 D:\\XboxGames\\UTS_A710230009_Laravel-main\\vendor\\symfony\\console\\Command\\Command.php(326): Illuminate\\Console\\Command->execute(Object(Symfony\\Component\\Console\\Input\\ArgvInput), Object(Illuminate\\Console\\OutputStyle))
#14 D:\\XboxGames\\UTS_A710230009_Laravel-main\\vendor\\laravel\\framework\\src\\Illuminate\\Console\\Command.php(152): Symfony\\Component\\Console\\Command\\Command->run(Object(Symfony\\Component\\Console\\Input\\ArgvInput), Object(Illuminate\\Console\\OutputStyle))
#15 D:\\XboxGames\\UTS_A710230009_Laravel-main\\vendor\\symfony\\console\\Application.php(1098): Illuminate\\Console\\Command->run(Object(Symfony\\Component\\Console\\Input\\ArgvInput), Object(Symfony\\Component\\Console\\Output\\ConsoleOutput))
#16 D:\\XboxGames\\UTS_A710230009_Laravel-main\\vendor\\symfony\\console\\Application.php(324): Symfony\\Component\\Console\\Application->doRunCommand(Object(Illuminate\\Cache\\Console\\ClearCommand), Object(Symfony\\Component\\Console\\Input\\ArgvInput), Object(Symfony\\Component\\Console\\Output\\ConsoleOutput))
#17 D:\\XboxGames\\UTS_A710230009_Laravel-main\\vendor\\symfony\\console\\Application.php(175): Symfony\\Component\\Console\\Application->doRun(Object(Symfony\\Component\\Console\\Input\\ArgvInput), Object(Symfony\\Component\\Console\\Output\\ConsoleOutput))
#18 D:\\XboxGames\\UTS_A710230009_Laravel-main\\vendor\\laravel\\framework\\src\\Illuminate\\Console\\Application.php(102): Symfony\\Component\\Console\\Application->run(Object(Symfony\\Component\\Console\\Input\\ArgvInput), Object(Symfony\\Component\\Console\\Output\\ConsoleOutput))
#19 D:\\XboxGames\\UTS_A710230009_Laravel-main\\vendor\\laravel\\framework\\src\\Illuminate\\Foundation\\Console\\Kernel.php(155): Illuminate\\Console\\Application->run(Object(Symfony\\Component\\Console\\Input\\ArgvInput), Object(Symfony\\Component\\Console\\Output\\ConsoleOutput))
#20 D:\\XboxGames\\UTS_A710230009_Laravel-main\\artisan(35): Illuminate\\Foundation\\Console\\Kernel->handle(Object(Symfony\\Component\\Console\\Input\\ArgvInput), Object(Symfony\\Component\\Console\\Output\\ConsoleOutput))
#21 {main}

[previous exception] [object] (PDOException(code: 2002): SQLSTATE[HY000] [2002] No connection could be made because the target machine actively refused it at D:\\XboxGames\\UTS_A710230009_Laravel-main\\vendor\\laravel\\framework\\src\\Illuminate\\Database\\Connectors\\Connector.php:70)
[stacktrace]
#0 D:\\XboxGames\\UTS_A710230009_Laravel-main\\vendor\\laravel\\framework\\src\\Illuminate\\Database\\Connectors\\Connector.php(70): PDO->__construct('mysql:host=127....', 'root', Object(SensitiveParameterValue), Array)
#1 D:\\XboxGames\\UTS_A710230009_Laravel-main\\vendor\\laravel\\framework\\src\\Illuminate\\Database\\Connectors\\Connector.php(45): Illuminate\\Database\\Connectors\\Connector->createPdoConnection('mysql:host=127....', 'root', '', Array)
#2 D:\\XboxGames\\UTS_A710230009_Laravel-main\\vendor\\laravel\\framework\\src\\Illuminate\\Database\\Connectors\\MySqlConnector.php(24): Illuminate\\Database\\Connectors\\Connector->createConnection('mysql:host=127....', Array, Array)
#3 D:\\XboxGames\\UTS_A710230009_Laravel-main\\vendor\\laravel\\framework\\src\\Illuminate\\Database\\Connectors\\ConnectionFactory.php(184): Illuminate\\Database\\Connectors\\MySqlConnector->connect(Array)
#4 [internal function]: Illuminate\\Database\\Connectors\\ConnectionFactory->{closure:Illuminate\\Database\\Connectors\\ConnectionFactory::createPdoResolverWithHosts():179}()
#5 D:\\XboxGames\\UTS_A710230009_Laravel-main\\vendor\\laravel\\framework\\src\\Illuminate\\Database\\Connection.php(1181): call_user_func(Object(Closure))
#6 D:\\XboxGames\\UTS_A710230009_Laravel-main\\vendor\\laravel\\framework\\src\\Illuminate\\Database\\Connection.php(566): Illuminate\\Database\\Connection->getPdo()
#7 D:\\XboxGames\\UTS_A710230009_Laravel-main\\vendor\\laravel\\framework\\src\\Illuminate\\Database\\Connection.php(753): Illuminate\\Database\\Connection->{closure:Illuminate\\Database\\Connection::affectingStatement():558}('delete from `ca...', Array)
#8 D:\\XboxGames\\UTS_A710230009_Laravel-main\\vendor\\laravel\\framework\\src\\Illuminate\\Database\\Connection.php(720): Illuminate\\Database\\Connection->runQueryCallback('delete from `ca...', Array, Object(Closure))
#9 D:\\XboxGames\\UTS_A710230009_Laravel-main\\vendor\\laravel\\framework\\src\\Illuminate\\Database\\Connection.php(558): Illuminate\\Database\\Connection->run('delete from `ca...', Array, Object(Closure))
#10 D:\\XboxGames\\UTS_A710230009_Laravel-main\\vendor\\laravel\\framework\\src\\Illuminate\\Database\\Connection.php(522): Illuminate\\Database\\Connection->affectingStatement('delete from `ca...', Array)
#11 D:\\XboxGames\\UTS_A710230009_Laravel-main\\vendor\\laravel\\framework\\src\\Illuminate\\Database\\Query\\Builder.php(3550): Illuminate\\Database\\Connection->delete('delete from `ca...', Array)
#12 D:\\XboxGames\\UTS_A710230009_Laravel-main\\vendor\\laravel\\framework\\src\\Illuminate\\Cache\\DatabaseStore.php(316): Illuminate\\Database\\Query\\Builder->delete()
#13 D:\\XboxGames\\UTS_A710230009_Laravel-main\\vendor\\laravel\\framework\\src\\Illuminate\\Cache\\Repository.php(680): Illuminate\\Cache\\DatabaseStore->flush()
#14 D:\\XboxGames\\UTS_A710230009_Laravel-main\\vendor\\laravel\\framework\\src\\Illuminate\\Cache\\Console\\ClearCommand.php(80): Illuminate\\Cache\\Repository->__call('flush', Array)
#15 D:\\XboxGames\\UTS_A710230009_Laravel-main\\vendor\\laravel\\framework\\src\\Illuminate\\Container\\BoundMethod.php(36): Illuminate\\Cache\\Console\\ClearCommand->handle()
#16 D:\\XboxGames\\UTS_A710230009_Laravel-main\\vendor\\laravel\\framework\\src\\Illuminate\\Container\\Util.php(41): Illuminate\\Container\\BoundMethod::{closure:Illuminate\\Container\\BoundMethod::call():35}()
#17 D:\\XboxGames\\UTS_A710230009_Laravel-main\\vendor\\laravel\\framework\\src\\Illuminate\\Container\\BoundMethod.php(93): Illuminate\\Container\\Util::unwrapIfClosure(Object(Closure))
#18 D:\\XboxGames\\UTS_A710230009_Laravel-main\\vendor\\laravel\\framework\\src\\Illuminate\\Container\\BoundMethod.php(35): Illuminate\\Container\\BoundMethod::callBoundMethod(Object(Illuminate\\Foundation\\Application), Array, Object(Closure))
#19 D:\\XboxGames\\UTS_A710230009_Laravel-main\\vendor\\laravel\\framework\\src\\Illuminate\\Container\\Container.php(661): Illuminate\\Container\\BoundMethod::call(Object(Illuminate\\Foundation\\Application), Array, Array, NULL)
#20 D:\\XboxGames\\UTS_A710230009_Laravel-main\\vendor\\laravel\\framework\\src\\Illuminate\\Console\\Command.php(183): Illuminate\\Container\\Container->call(Array)
#21 D:\\XboxGames\\UTS_A710230009_Laravel-main\\vendor\\symfony\\console\\Command\\Command.php(326): Illuminate\\Console\\Command->execute(Object(Symfony\\Component\\Console\\Input\\ArgvInput), Object(Illuminate\\Console\\OutputStyle))
#22 D:\\XboxGames\\UTS_A710230009_Laravel-main\\vendor\\laravel\\framework\\src\\Illuminate\\Console\\Command.php(152): Symfony\\Component\\Console\\Command\\Command->run(Object(Symfony\\Component\\Console\\Input\\ArgvInput), Object(Illuminate\\Console\\OutputStyle))
#23 D:\\XboxGames\\UTS_A710230009_Laravel-main\\vendor\\symfony\\console\\Application.php(1098): Illuminate\\Console\\Command->run(Object(Symfony\\Component\\Console\\Input\\ArgvInput), Object(Symfony\\Component\\Console\\Output\\ConsoleOutput))
#24 D:\\XboxGames\\UTS_A710230009_Laravel-main\\vendor\\symfony\\console\\Application.php(324): Symfony\\Component\\Console\\Application->doRunCommand(Object(Illuminate\\Cache\\Console\\ClearCommand), Object(Symfony\\Component\\Console\\Input\\ArgvInput), Object(Symfony\\Component\\Console\\Output\\ConsoleOutput))
#25 D:\\XboxGames\\UTS_A710230009_Laravel-main\\vendor\\symfony\\console\\Application.php(175): Symfony\\Component\\Console\\Application->doRun(Object(Symfony\\Component\\Console\\Input\\ArgvInput), Object(Symfony\\Component\\Console\\Output\\ConsoleOutput))
#26 D:\\XboxGames\\UTS_A710230009_Laravel-main\\vendor\\laravel\\framework\\src\\Illuminate\\Console\\Application.php(102): Symfony\\Component\\Console\\Application->run(Object(Symfony\\Component\\Console\\Input\\ArgvInput), Object(Symfony\\Component\\Console\\Output\\ConsoleOutput))
#27 D:\\XboxGames\\UTS_A710230009_Laravel-main\\vendor\\laravel\\framework\\src\\Illuminate\\Foundation\\Console\\Kernel.php(155): Illuminate\\Console\\Application->run(Object(Symfony\\Component\\Console\\Input\\ArgvInput), Object(Symfony\\Component\\Console\\Output\\ConsoleOutput))
#28 D:\\XboxGames\\UTS_A710230009_Laravel-main\\artisan(35): Illuminate\\Foundation\\Console\\Kernel->handle(Object(Symfony\\Component\\Console\\Input\\ArgvInput), Object(Symfony\\Component\\Console\\Output\\ConsoleOutput))
#29 {main}
"} 
[2026-04-23 10:57:33] local.ERROR: SQLSTATE[HY000] [2002] No connection could be made because the target machine actively refused it (SQL: select * from `chirps` order by `created_at` desc) {"exception":"[object] (Illuminate\\Database\\QueryException(code: 2002): SQLSTATE[HY000] [2002] No connection could be made because the target machine actively refused it (SQL: select * from `chirps` order by `created_at` desc) at D:\\XboxGames\\UTS_A710230009_Laravel-main\\vendor\\laravel\\framework\\src\\Illuminate\\Database\\Connection.php:760)
[stacktrace]
#0 D:\\XboxGames\\UTS_A710230009_Laravel-main\\vendor\\laravel\\framework\\src\\Illuminate\\Database\\Connection.php(720): Illuminate\\Database\\Connection->runQueryCallback('select * from `...', Array, Object(Closure))
#1 D:\\XboxGames\\UTS_A710230009_Laravel-main\\vendor\\laravel\\framework\\src\\Illuminate\\Database\\Connection.php(405): Illuminate\\Database\\Connection->run('select * from `...', Array, Object(Closure))
#2 D:\\XboxGames\\UTS_A710230009_Laravel-main\\vendor\\laravel\\framework\\src\\Illuminate\\Database\\Query\\Builder.php(2705): Illuminate\\Database\\Connection->select('select * from `...', Array, true)
#3 D:\\XboxGames\\UTS_A710230009_Laravel-main\\vendor\\laravel\\framework\\src\\Illuminate\\Database\\Query\\Builder.php(2694): Illuminate\\Database\\Query\\Builder->runSelect()
#4 D:\\XboxGames\\UTS_A710230009_Laravel-main\\vendor\\laravel\\framework\\src\\Illuminate\\Database\\Query\\Builder.php(3230): Illuminate\\Database\\Query\\Builder->{closure:Illuminate\\Database\\Query\\Builder::get():2693}()
#5 D:\\XboxGames\\UTS_A710230009_Laravel-main\\vendor\\laravel\\framework\\src\\Illuminate\\Database\\Query\\Builder.php(2693): Illuminate\\Database\\Query\\Builder->onceWithColumns(Array, Object(Closure))
#6 D:\\XboxGames\\UTS_A710230009_Laravel-main\\vendor\\laravel\\framework\\src\\Illuminate\\Database\\Eloquent\\Builder.php(710): Illuminate\\Database\\Query\\Builder->get(Array)
#7 D:\\XboxGames\\UTS_A710230009_Laravel-main\\vendor\\laravel\\framework\\src\\Illuminate\\Database\\Eloquent\\Builder.php(694): Illuminate\\Database\\Eloquent\\Builder->getModels(Array)
#8 D:\\XboxGames\\UTS_A710230009_Laravel-main\\app\\Http\\Controllers\\ChirpController.php(12): Illuminate\\Database\\Eloquent\\Builder->get()
#9 D:\\XboxGames\\UTS_A710230009_Laravel-main\\vendor\\laravel\\framework\\src\\Illuminate\\Routing\\ControllerDispatcher.php(46): App\\Http\\Controllers\\ChirpController->index()
#10 D:\\XboxGames\\UTS_A710230009_Laravel-main\\vendor\\laravel\\framework\\src\\Illuminate\\Routing\\Route.php(259): Illuminate\\Routing\\ControllerDispatcher->dispatch(Object(Illuminate\\Routing\\Route), Object(App\\Http\\Controllers\\ChirpController), 'index')
#11 D:\\XboxGames\\UTS_A710230009_Laravel-main\\vendor\\laravel\\framework\\src\\Illuminate\\Routing\\Route.php(205): Illuminate\\Routing\\Route->runController()
#12 D:\\XboxGames\\UTS_A710230009_Laravel-main\\vendor\\laravel\\framework\\src\\Illuminate\\Routing\\Router.php(798): Illuminate\\Routing\\Route->run()
#13 D:\\XboxGames\\UTS_A710230009_Laravel-main\\vendor\\laravel\\framework\\src\\Illuminate\\Pipeline\\Pipeline.php(141): Illuminate\\Routing\\Router->{closure:Illuminate\\Routing\\Router::runRouteWithinStack():797}(Object(Illuminate\\Http\\Request))
#14 D:\\XboxGames\\UTS_A710230009_Laravel-main\\vendor\\laravel\\framework\\src\\Illuminate\\Routing\\Middleware\\SubstituteBindings.php(50): Illuminate\\Pipeline\\Pipeline->{closure:Illuminate\\Pipeline\\Pipeline::prepareDestination():139}(Object(Illuminate\\Http\\Request))
#15 D:\\XboxGames\\UTS_A710230009_Laravel-main\\vendor\\laravel\\framework\\src\\Illuminate\\Pipeline\\Pipeline.php(180): Illuminate\\Routing\\Middleware\\SubstituteBindings->handle(Object(Illuminate\\Http\\Request), Object(Closure))
#16 D:\\XboxGames\\UTS_A710230009_Laravel-main\\vendor\\laravel\\framework\\src\\Illuminate\\Foundation\\Http\\Middleware\\VerifyCsrfToken.php(78): Illuminate\\Pipeline\\Pipeline->{closure:{closure:Illuminate\\Pipeline\\Pipeline::carry():155}:156}(Object(Illuminate\\Http\\Request))
#17 D:\\XboxGames\\UTS_A710230009_Laravel-main\\vendor\\laravel\\framework\\src\\Illuminate\\Pipeline\\Pipeline.php(180): Illuminate\\Foundation\\Http\\Middleware\\VerifyCsrfToken->handle(Object(Illuminate\\Http\\Request), Object(Closure))
#18 D:\\XboxGames\\UTS_A710230009_Laravel-main\\vendor\\laravel\\framework\\src\\Illuminate\\View\\Middleware\\ShareErrorsFromSession.php(49): Illuminate\\Pipeline\\Pipeline->{closure:{closure:Illuminate\\Pipeline\\Pipeline::carry():155}:156}(Object(Illuminate\\Http\\Request))
#19 D:\\XboxGames\\UTS_A710230009_Laravel-main\\vendor\\laravel\\framework\\src\\Illuminate\\Pipeline\\Pipeline.php(180): Illuminate\\View\\Middleware\\ShareErrorsFromSession->handle(Object(Illuminate\\Http\\Request), Object(Closure))
#20 D:\\XboxGames\\UTS_A710230009_Laravel-main\\vendor\\laravel\\framework\\src\\Illuminate\\Session\\Middleware\\StartSession.php(121): Illuminate\\Pipeline\\Pipeline->{closure:{closure:Illuminate\\Pipeline\\Pipeline::carry():155}:156}(Object(Illuminate\\Http\\Request))
#21 D:\\XboxGames\\UTS_A710230009_Laravel-main\\vendor\\laravel\\framework\\src\\Illuminate\\Session\\Middleware\\StartSession.php(64): Illuminate\\Session\\Middleware\\StartSession->handleStatefulRequest(Object(Illuminate\\Http\\Request), Object(Illuminate\\Session\\Store), Object(Closure))
#22 D:\\XboxGames\\UTS_A710230009_Laravel-main\\vendor\\laravel\\framework\\src\\Illuminate\\Pipeline\\Pipeline.php(180): Illuminate\\Session\\Middleware\\StartSession->handle(Object(Illuminate\\Http\\Request), Object(Closure))
#23 D:\\XboxGames\\UTS_A710230009_Laravel-main\\vendor\\laravel\\framework\\src\\Illuminate\\Cookie\\Middleware\\AddQueuedCookiesToResponse.php(37): Illuminate\\Pipeline\\Pipeline->{closure:{closure:Illuminate\\Pipeline\\Pipeline::carry():155}:156}(Object(Illuminate\\Http\\Request))
#24 D:\\XboxGames\\UTS_A710230009_Laravel-main\\vendor\\laravel\\framework\\src\\Illuminate\\Pipeline\\Pipeline.php(180): Illuminate\\Cookie\\Middleware\\AddQueuedCookiesToResponse->handle(Object(Illuminate\\Http\\Request), Object(Closure))
#25 D:\\XboxGames\\UTS_A710230009_Laravel-main\\vendor\\laravel\\framework\\src\\Illuminate\\Cookie\\Middleware\\EncryptCookies.php(67): Illuminate\\Pipeline\\Pipeline->{closure:{closure:Illuminate\\Pipeline\\Pipeline::carry():155}:156}(Object(Illuminate\\Http\\Request))
#26 D:\\XboxGames\\UTS_A710230009_Laravel-main\\vendor\\laravel\\framework\\src\\Illuminate\\Pipeline\\Pipeline.php(180): Illuminate\\Cookie\\Middleware\\EncryptCookies->handle(Object(Illuminate\\Http\\Request), Object(Closure))
#27 D:\\XboxGames\\UTS_A710230009_Laravel-main\\vendor\\laravel\\framework\\src\\Illuminate\\Pipeline\\Pipeline.php(116): Illuminate\\Pipeline\\Pipeline->{closure:{closure:Illuminate\\Pipeline\\Pipeline::carry():155}:156}(Object(Illuminate\\Http\\Request))
#28 D:\\XboxGames\\UTS_A710230009_Laravel-main\\vendor\\laravel\\framework\\src\\Illuminate\\Routing\\Router.php(797): Illuminate\\Pipeline\\Pipeline->then(Object(Closure))
#29 D:\\XboxGames\\UTS_A710230009_Laravel-main\\vendor\\laravel\\framework\\src\\Illuminate\\Routing\\Router.php(776): Illuminate\\Routing\\Router->runRouteWithinStack(Object(Illuminate\\Routing\\Route), Object(Illuminate\\Http\\Request))
#30 D:\\XboxGames\\UTS_A710230009_Laravel-main\\vendor\\laravel\\framework\\src\\Illuminate\\Routing\\Router.php(740): Illuminate\\Routing\\Router->runRoute(Object(Illuminate\\Http\\Request), Object(Illuminate\\Routing\\Route))
#31 D:\\XboxGames\\UTS_A710230009_Laravel-main\\vendor\\laravel\\framework\\src\\Illuminate\\Routing\\Router.php(729): Illuminate\\Routing\\Router->dispatchToRoute(Object(Illuminate\\Http\\Request))
#32 D:\\XboxGames\\UTS_A710230009_Laravel-main\\vendor\\laravel\\framework\\src\\Illuminate\\Foundation\\Http\\Kernel.php(190): Illuminate\\Routing\\Router->dispatch(Object(Illuminate\\Http\\Request))
#33 D:\\XboxGames\\UTS_A710230009_Laravel-main\\vendor\\laravel\\framework\\src\\Illuminate\\Pipeline\\Pipeline.php(141): Illuminate\\Foundation\\Http\\Kernel->{closure:Illuminate\\Foundation\\Http\\Kernel::dispatchToRouter():187}(Object(Illuminate\\Http\\Request))
#34 D:\\XboxGames\\UTS_A710230009_Laravel-main\\vendor\\laravel\\framework\\src\\Illuminate\\Foundation\\Http\\Middleware\\TransformsRequest.php(21): Illuminate\\Pipeline\\Pipeline->{closure:Illuminate\\Pipeline\\Pipeline::prepareDestination():139}(Object(Illuminate\\Http\\Request))
#35 D:\\XboxGames\\UTS_A710230009_Laravel-main\\vendor\\laravel\\framework\\src\\Illuminate\\Foundation\\Http\\Middleware\\ConvertEmptyStringsToNull.php(31): Illuminate\\Foundation\\Http\\Middleware\\TransformsRequest->handle(Object(Illuminate\\Http\\Request), Object(Closure))
#36 D:\\XboxGames\\UTS_A710230009_Laravel-main\\vendor\\laravel\\framework\\src\\Illuminate\\Pipeline\\Pipeline.php(180): Illuminate\\Foundation\\Http\\Middleware\\ConvertEmptyStringsToNull->handle(Object(Illuminate\\Http\\Request), Object(Closure))
#37 D:\\XboxGames\\UTS_A710230009_Laravel-main\\vendor\\laravel\\framework\\src\\Illuminate\\Foundation\\Http\\Middleware\\TransformsRequest.php(21): Illuminate\\Pipeline\\Pipeline->{closure:{closure:Illuminate\\Pipeline\\Pipeline::carry():155}:156}(Object(Illuminate\\Http\\Request))
#38 D:\\XboxGames\\UTS_A710230009_Laravel-main\\vendor\\laravel\\framework\\src\\Illuminate\\Foundation\\Http\\Middleware\\TrimStrings.php(40): Illuminate\\Foundation\\Http\\Middleware\\TransformsRequest->handle(Object(Illuminate\\Http\\Request), Object(Closure))
#39 D:\\XboxGames\\UTS_A710230009_Laravel-main\\vendor\\laravel\\framework\\src\\Illuminate\\Pipeline\\Pipeline.php(180): Illuminate\\Foundation\\Http\\Middleware\\TrimStrings->handle(Object(Illuminate\\Http\\Request), Object(Closure))
#40 D:\\XboxGames\\UTS_A710230009_Laravel-main\\vendor\\laravel\\framework\\src\\Illuminate\\Foundation\\Http\\Middleware\\ValidatePostSize.php(27): Illuminate\\Pipeline\\Pipeline->{closure:{closure:Illuminate\\Pipeline\\Pipeline::carry():155}:156}(Object(Illuminate\\Http\\Request))
#41 D:\\XboxGames\\UTS_A710230009_Laravel-main\\vendor\\laravel\\framework\\src\\Illuminate\\Pipeline\\Pipeline.php(180): Illuminate\\Foundation\\Http\\Middleware\\ValidatePostSize->handle(Object(Illuminate\\Http\\Request), Object(Closure))
#42 D:\\XboxGames\\UTS_A710230009_Laravel-main\\vendor\\laravel\\framework\\src\\Illuminate\\Foundation\\Http\\Middleware\\PreventRequestsDuringMaintenance.php(86): Illuminate\\Pipeline\\Pipeline->{closure:{closure:Illuminate\\Pipeline\\Pipeline::carry():155}:156}(Object(Illuminate\\Http\\Request))
#43 D:\\XboxGames\\UTS_A710230009_Laravel-main\\vendor\\laravel\\framework\\src\\Illuminate\\Pipeline\\Pipeline.php(180): Illuminate\\Foundation\\Http\\Middleware\\PreventRequestsDuringMaintenance->handle(Object(Illuminate\\Http\\Request), Object(Closure))
#44 D:\\XboxGames\\UTS_A710230009_Laravel-main\\vendor\\laravel\\framework\\src\\Illuminate\\Http\\Middleware\\HandleCors.php(49): Illuminate\\Pipeline\\Pipeline->{closure:{closure:Illuminate\\Pipeline\\Pipeline::carry():155}:156}(Object(Illuminate\\Http\\Request))
#45 D:\\XboxGames\\UTS_A710230009_Laravel-main\\vendor\\laravel\\framework\\src\\Illuminate\\Pipeline\\Pipeline.php(180): Illuminate\\Http\\Middleware\\HandleCors->handle(Object(Illuminate\\Http\\Request), Object(Closure))
#46 D:\\XboxGames\\UTS_A710230009_Laravel-main\\vendor\\laravel\\framework\\src\\Illuminate\\Http\\Middleware\\TrustProxies.php(39): Illuminate\\Pipeline\\Pipeline->{closure:{closure:Illuminate\\Pipeline\\Pipeline::carry():155}:156}(Object(Illuminate\\Http\\Request))
#47 D:\\XboxGames\\UTS_A710230009_Laravel-main\\vendor\\laravel\\framework\\src\\Illuminate\\Pipeline\\Pipeline.php(180): Illuminate\\Http\\Middleware\\TrustProxies->handle(Object(Illuminate\\Http\\Request), Object(Closure))
#48 D:\\XboxGames\\UTS_A710230009_Laravel-main\\vendor\\laravel\\framework\\src\\Illuminate\\Pipeline\\Pipeline.php(116): Illuminate\\Pipeline\\Pipeline->{closure:{closure:Illuminate\\Pipeline\\Pipeline::carry():155}:156}(Object(Illuminate\\Http\\Request))
#49 D:\\XboxGames\\UTS_A710230009_Laravel-main\\vendor\\laravel\\framework\\src\\Illuminate\\Foundation\\Http\\Kernel.php(165): Illuminate\\Pipeline\\Pipeline->then(Object(Closure))
#50 D:\\XboxGames\\UTS_A710230009_Laravel-main\\vendor\\laravel\\framework\\src\\Illuminate\\Foundation\\Http\\Kernel.php(134): Illuminate\\Foundation\\Http\\Kernel->sendRequestThroughRouter(Object(Illuminate\\Http\\Request))
#51 D:\\XboxGames\\UTS_A710230009_Laravel-main\\public\\index.php(51): Illuminate\\Foundation\\Http\\Kernel->handle(Object(Illuminate\\Http\\Request))
#52 {main}

[previous exception] [object] (PDOException(code: 2002): SQLSTATE[HY000] [2002] No connection could be made because the target machine actively refused it at D:\\XboxGames\\UTS_A710230009_Laravel-main\\vendor\\laravel\\framework\\src\\Illuminate\\Database\\Connectors\\Connector.php:70)
[stacktrace]
#0 D:\\XboxGames\\UTS_A710230009_Laravel-main\\vendor\\laravel\\framework\\src\\Illuminate\\Database\\Connectors\\Connector.php(70): PDO->__construct('mysql:host=127....', 'root', Object(SensitiveParameterValue), Array)
#1 D:\\XboxGames\\UTS_A710230009_Laravel-main\\vendor\\laravel\\framework\\src\\Illuminate\\Database\\Connectors\\Connector.php(45): Illuminate\\Database\\Connectors\\Connector->createPdoConnection('mysql:host=127....', 'root', '', Array)
#2 D:\\XboxGames\\UTS_A710230009_Laravel-main\\vendor\\laravel\\framework\\src\\Illuminate\\Database\\Connectors\\MySqlConnector.php(24): Illuminate\\Database\\Connectors\\Connector->createConnection('mysql:host=127....', Array, Array)
#3 D:\\XboxGames\\UTS_A710230009_Laravel-main\\vendor\\laravel\\framework\\src\\Illuminate\\Database\\Connectors\\ConnectionFactory.php(184): Illuminate\\Database\\Connectors\\MySqlConnector->connect(Array)
#4 [internal function]: Illuminate\\Database\\Connectors\\ConnectionFactory->{closure:Illuminate\\Database\\Connectors\\ConnectionFactory::createPdoResolverWithHosts():179}()
#5 D:\\XboxGames\\UTS_A710230009_Laravel-main\\vendor\\laravel\\framework\\src\\Illuminate\\Database\\Connection.php(1181): call_user_func(Object(Closure))
#6 D:\\XboxGames\\UTS_A710230009_Laravel-main\\vendor\\laravel\\framework\\src\\Illuminate\\Database\\Connection.php(1217): Illuminate\\Database\\Connection->getPdo()
#7 D:\\XboxGames\\UTS_A710230009_Laravel-main\\vendor\\laravel\\framework\\src\\Illuminate\\Database\\Connection.php(486): Illuminate\\Database\\Connection->getReadPdo()
#8 D:\\XboxGames\\UTS_A710230009_Laravel-main\\vendor\\laravel\\framework\\src\\Illuminate\\Database\\Connection.php(414): Illuminate\\Database\\Connection->getPdoForSelect(true)
#9 D:\\XboxGames\\UTS_A710230009_Laravel-main\\vendor\\laravel\\framework\\src\\Illuminate\\Database\\Connection.php(753): Illuminate\\Database\\Connection->{closure:Illuminate\\Database\\Connection::select():405}('select * from `...', Array)
#10 D:\\XboxGames\\UTS_A710230009_Laravel-main\\vendor\\laravel\\framework\\src\\Illuminate\\Database\\Connection.php(720): Illuminate\\Database\\Connection->runQueryCallback('select * from `...', Array, Object(Closure))
#11 D:\\XboxGames\\UTS_A710230009_Laravel-main\\vendor\\laravel\\framework\\src\\Illuminate\\Database\\Connection.php(405): Illuminate\\Database\\Connection->run('select * from `...', Array, Object(Closure))
#12 D:\\XboxGames\\UTS_A710230009_Laravel-main\\vendor\\laravel\\framework\\src\\Illuminate\\Database\\Query\\Builder.php(2705): Illuminate\\Database\\Connection->select('select * from `...', Array, true)
#13 D:\\XboxGames\\UTS_A710230009_Laravel-main\\vendor\\laravel\\framework\\src\\Illuminate\\Database\\Query\\Builder.php(2694): Illuminate\\Database\\Query\\Builder->runSelect()
#14 D:\\XboxGames\\UTS_A710230009_Laravel-main\\vendor\\laravel\\framework\\src\\Illuminate\\Database\\Query\\Builder.php(3230): Illuminate\\Database\\Query\\Builder->{closure:Illuminate\\Database\\Query\\Builder::get():2693}()
#15 D:\\XboxGames\\UTS_A710230009_Laravel-main\\vendor\\laravel\\framework\\src\\Illuminate\\Database\\Query\\Builder.php(2693): Illuminate\\Database\\Query\\Builder->onceWithColumns(Array, Object(Closure))
#16 D:\\XboxGames\\UTS_A710230009_Laravel-main\\vendor\\laravel\\framework\\src\\Illuminate\\Database\\Eloquent\\Builder.php(710): Illuminate\\Database\\Query\\Builder->get(Array)
#17 D:\\XboxGames\\UTS_A710230009_Laravel-main\\vendor\\laravel\\framework\\src\\Illuminate\\Database\\Eloquent\\Builder.php(694): Illuminate\\Database\\Eloquent\\Builder->getModels(Array)
#18 D:\\XboxGames\\UTS_A710230009_Laravel-main\\app\\Http\\Controllers\\ChirpController.php(12): Illuminate\\Database\\Eloquent\\Builder->get()
#19 D:\\XboxGames\\UTS_A710230009_Laravel-main\\vendor\\laravel\\framework\\src\\Illuminate\\Routing\\ControllerDispatcher.php(46): App\\Http\\Controllers\\ChirpController->index()
#20 D:\\XboxGames\\UTS_A710230009_Laravel-main\\vendor\\laravel\\framework\\src\\Illuminate\\Routing\\Route.php(259): Illuminate\\Routing\\ControllerDispatcher->dispatch(Object(Illuminate\\Routing\\Route), Object(App\\Http\\Controllers\\ChirpController), 'index')
#21 D:\\XboxGames\\UTS_A710230009_Laravel-main\\vendor\\laravel\\framework\\src\\Illuminate\\Routing\\Route.php(205): Illuminate\\Routing\\Route->runController()
#22 D:\\XboxGames\\UTS_A710230009_Laravel-main\\vendor\\laravel\\framework\\src\\Illuminate\\Routing\\Router.php(798): Illuminate\\Routing\\Route->run()
#23 D:\\XboxGames\\UTS_A710230009_Laravel-main\\vendor\\laravel\\framework\\src\\Illuminate\\Pipeline\\Pipeline.php(141): Illuminate\\Routing\\Router->{closure:Illuminate\\Routing\\Router::runRouteWithinStack():797}(Object(Illuminate\\Http\\Request))
#24 D:\\XboxGames\\UTS_A710230009_Laravel-main\\vendor\\laravel\\framework\\src\\Illuminate\\Routing\\Middleware\\SubstituteBindings.php(50): Illuminate\\Pipeline\\Pipeline->{closure:Illuminate\\Pipeline\\Pipeline::prepareDestination():139}(Object(Illuminate\\Http\\Request))
#25 D:\\XboxGames\\UTS_A710230009_Laravel-main\\vendor\\laravel\\framework\\src\\Illuminate\\Pipeline\\Pipeline.php(180): Illuminate\\Routing\\Middleware\\SubstituteBindings->handle(Object(Illuminate\\Http\\Request), Object(Closure))
#26 D:\\XboxGames\\UTS_A710230009_Laravel-main\\vendor\\laravel\\framework\\src\\Illuminate\\Foundation\\Http\\Middleware\\VerifyCsrfToken.php(78): Illuminate\\Pipeline\\Pipeline->{closure:{closure:Illuminate\\Pipeline\\Pipeline::carry():155}:156}(Object(Illuminate\\Http\\Request))
#27 D:\\XboxGames\\UTS_A710230009_Laravel-main\\vendor\\laravel\\framework\\src\\Illuminate\\Pipeline\\Pipeline.php(180): Illuminate\\Foundation\\Http\\Middleware\\VerifyCsrfToken->handle(Object(Illuminate\\Http\\Request), Object(Closure))
#28 D:\\XboxGames\\UTS_A710230009_Laravel-main\\vendor\\laravel\\framework\\src\\Illuminate\\View\\Middleware\\ShareErrorsFromSession.php(49): Illuminate\\Pipeline\\Pipeline->{closure:{closure:Illuminate\\Pipeline\\Pipeline::carry():155}:156}(Object(Illuminate\\Http\\Request))
#29 D:\\XboxGames\\UTS_A710230009_Laravel-main\\vendor\\laravel\\framework\\src\\Illuminate\\Pipeline\\Pipeline.php(180): Illuminate\\View\\Middleware\\ShareErrorsFromSession->handle(Object(Illuminate\\Http\\Request), Object(Closure))
#30 D:\\XboxGames\\UTS_A710230009_Laravel-main\\vendor\\laravel\\framework\\src\\Illuminate\\Session\\Middleware\\StartSession.php(121): Illuminate\\Pipeline\\Pipeline->{closure:{closure:Illuminate\\Pipeline\\Pipeline::carry():155}:156}(Object(Illuminate\\Http\\Request))
#31 D:\\XboxGames\\UTS_A710230009_Laravel-main\\vendor\\laravel\\framework\\src\\Illuminate\\Session\\Middleware\\StartSession.php(64): Illuminate\\Session\\Middleware\\StartSession->handleStatefulRequest(Object(Illuminate\\Http\\Request), Object(Illuminate\\Session\\Store), Object(Closure))
#32 D:\\XboxGames\\UTS_A710230009_Laravel-main\\vendor\\laravel\\framework\\src\\Illuminate\\Pipeline\\Pipeline.php(180): Illuminate\\Session\\Middleware\\StartSession->handle(Object(Illuminate\\Http\\Request), Object(Closure))
#33 D:\\XboxGames\\UTS_A710230009_Laravel-main\\vendor\\laravel\\framework\\src\\Illuminate\\Cookie\\Middleware\\AddQueuedCookiesToResponse.php(37): Illuminate\\Pipeline\\Pipeline->{closure:{closure:Illuminate\\Pipeline\\Pipeline::carry():155}:156}(Object(Illuminate\\Http\\Request))
#34 D:\\XboxGames\\UTS_A710230009_Laravel-main\\vendor\\laravel\\framework\\src\\Illuminate\\Pipeline\\Pipeline.php(180): Illuminate\\Cookie\\Middleware\\AddQueuedCookiesToResponse->handle(Object(Illuminate\\Http\\Request), Object(Closure))
#35 D:\\XboxGames\\UTS_A710230009_Laravel-main\\vendor\\laravel\\framework\\src\\Illuminate\\Cookie\\Middleware\\EncryptCookies.php(67): Illuminate\\Pipeline\\Pipeline->{closure:{closure:Illuminate\\Pipeline\\Pipeline::carry():155}:156}(Object(Illuminate\\Http\\Request))
#36 D:\\XboxGames\\UTS_A710230009_Laravel-main\\vendor\\laravel\\framework\\src\\Illuminate\\Pipeline\\Pipeline.php(180): Illuminate\\Cookie\\Middleware\\EncryptCookies->handle(Object(Illuminate\\Http\\Request), Object(Closure))
#37 D:\\XboxGames\\UTS_A710230009_Laravel-main\\vendor\\laravel\\framework\\src\\Illuminate\\Pipeline\\Pipeline.php(116): Illuminate\\Pipeline\\Pipeline->{closure:{closure:Illuminate\\Pipeline\\Pipeline::carry():155}:156}(Object(Illuminate\\Http\\Request))
#38 D:\\XboxGames\\UTS_A710230009_Laravel-main\\vendor\\laravel\\framework\\src\\Illuminate\\Routing\\Router.php(797): Illuminate\\Pipeline\\Pipeline->then(Object(Closure))
#39 D:\\XboxGames\\UTS_A710230009_Laravel-main\\vendor\\laravel\\framework\\src\\Illuminate\\Routing\\Router.php(776): Illuminate\\Routing\\Router->runRouteWithinStack(Object(Illuminate\\Routing\\Route), Object(Illuminate\\Http\\Request))
#40 D:\\XboxGames\\UTS_A710230009_Laravel-main\\vendor\\laravel\\framework\\src\\Illuminate\\Routing\\Router.php(740): Illuminate\\Routing\\Router->runRoute(Object(Illuminate\\Http\\Request), Object(Illuminate\\Routing\\Route))
#41 D:\\XboxGames\\UTS_A710230009_Laravel-main\\vendor\\laravel\\framework\\src\\Illuminate\\Routing\\Router.php(729): Illuminate\\Routing\\Router->dispatchToRoute(Object(Illuminate\\Http\\Request))
#42 D:\\XboxGames\\UTS_A710230009_Laravel-main\\vendor\\laravel\\framework\\src\\Illuminate\\Foundation\\Http\\Kernel.php(190): Illuminate\\Routing\\Router->dispatch(Object(Illuminate\\Http\\Request))
#43 D:\\XboxGames\\UTS_A710230009_Laravel-main\\vendor\\laravel\\framework\\src\\Illuminate\\Pipeline\\Pipeline.php(141): Illuminate\\Foundation\\Http\\Kernel->{closure:Illuminate\\Foundation\\Http\\Kernel::dispatchToRouter():187}(Object(Illuminate\\Http\\Request))
#44 D:\\XboxGames\\UTS_A710230009_Laravel-main\\vendor\\laravel\\framework\\src\\Illuminate\\Foundation\\Http\\Middleware\\TransformsRequest.php(21): Illuminate\\Pipeline\\Pipeline->{closure:Illuminate\\Pipeline\\Pipeline::prepareDestination():139}(Object(Illuminate\\Http\\Request))
#45 D:\\XboxGames\\UTS_A710230009_Laravel-main\\vendor\\laravel\\framework\\src\\Illuminate\\Foundation\\Http\\Middleware\\ConvertEmptyStringsToNull.php(31): Illuminate\\Foundation\\Http\\Middleware\\TransformsRequest->handle(Object(Illuminate\\Http\\Request), Object(Closure))
#46 D:\\XboxGames\\UTS_A710230009_Laravel-main\\vendor\\laravel\\framework\\src\\Illuminate\\Pipeline\\Pipeline.php(180): Illuminate\\Foundation\\Http\\Middleware\\ConvertEmptyStringsToNull->handle(Object(Illuminate\\Http\\Request), Object(Closure))
#47 D:\\XboxGames\\UTS_A710230009_Laravel-main\\vendor\\laravel\\framework\\src\\Illuminate\\Foundation\\Http\\Middleware\\TransformsRequest.php(21): Illuminate\\Pipeline\\Pipeline->{closure:{closure:Illuminate\\Pipeline\\Pipeline::carry():155}:156}(Object(Illuminate\\Http\\Request))
#48 D:\\XboxGames\\UTS_A710230009_Laravel-main\\vendor\\laravel\\framework\\src\\Illuminate\\Foundation\\Http\\Middleware\\TrimStrings.php(40): Illuminate\\Foundation\\Http\\Middleware\\TransformsRequest->handle(Object(Illuminate\\Http\\Request), Object(Closure))
#49 D:\\XboxGames\\UTS_A710230009_Laravel-main\\vendor\\laravel\\framework\\src\\Illuminate\\Pipeline\\Pipeline.php(180): Illuminate\\Foundation\\Http\\Middleware\\TrimStrings->handle(Object(Illuminate\\Http\\Request), Object(Closure))
#50 D:\\XboxGames\\UTS_A710230009_Laravel-main\\vendor\\laravel\\framework\\src\\Illuminate\\Foundation\\Http\\Middleware\\ValidatePostSize.php(27): Illuminate\\Pipeline\\Pipeline->{closure:{closure:Illuminate\\Pipeline\\Pipeline::carry():155}:156}(Object(Illuminate\\Http\\Request))
#51 D:\\XboxGames\\UTS_A710230009_Laravel-main\\vendor\\laravel\\framework\\src\\Illuminate\\Pipeline\\Pipeline.php(180): Illuminate\\Foundation\\Http\\Middleware\\ValidatePostSize->handle(Object(Illuminate\\Http\\Request), Object(Closure))
#52 D:\\XboxGames\\UTS_A710230009_Laravel-main\\vendor\\laravel\\framework\\src\\Illuminate\\Foundation\\Http\\Middleware\\PreventRequestsDuringMaintenance.php(86): Illuminate\\Pipeline\\Pipeline->{closure:{closure:Illuminate\\Pipeline\\Pipeline::carry():155}:156}(Object(Illuminate\\Http\\Request))
#53 D:\\XboxGames\\UTS_A710230009_Laravel-main\\vendor\\laravel\\framework\\src\\Illuminate\\Pipeline\\Pipeline.php(180): Illuminate\\Foundation\\Http\\Middleware\\PreventRequestsDuringMaintenance->handle(Object(Illuminate\\Http\\Request), Object(Closure))
#54 D:\\XboxGames\\UTS_A710230009_Laravel-main\\vendor\\laravel\\framework\\src\\Illuminate\\Http\\Middleware\\HandleCors.php(49): Illuminate\\Pipeline\\Pipeline->{closure:{closure:Illuminate\\Pipeline\\Pipeline::carry():155}:156}(Object(Illuminate\\Http\\Request))
#55 D:\\XboxGames\\UTS_A710230009_Laravel-main\\vendor\\laravel\\framework\\src\\Illuminate\\Pipeline\\Pipeline.php(180): Illuminate\\Http\\Middleware\\HandleCors->handle(Object(Illuminate\\Http\\Request), Object(Closure))
#56 D:\\XboxGames\\UTS_A710230009_Laravel-main\\vendor\\laravel\\framework\\src\\Illuminate\\Http\\Middleware\\TrustProxies.php(39): Illuminate\\Pipeline\\Pipeline->{closure:{closure:Illuminate\\Pipeline\\Pipeline::carry():155}:156}(Object(Illuminate\\Http\\Request))
#57 D:\\XboxGames\\UTS_A710230009_Laravel-main\\vendor\\laravel\\framework\\src\\Illuminate\\Pipeline\\Pipeline.php(180): Illuminate\\Http\\Middleware\\TrustProxies->handle(Object(Illuminate\\Http\\Request), Object(Closure))
#58 D:\\XboxGames\\UTS_A710230009_Laravel-main\\vendor\\laravel\\framework\\src\\Illuminate\\Pipeline\\Pipeline.php(116): Illuminate\\Pipeline\\Pipeline->{closure:{closure:Illuminate\\Pipeline\\Pipeline::carry():155}:156}(Object(Illuminate\\Http\\Request))
#59 D:\\XboxGames\\UTS_A710230009_Laravel-main\\vendor\\laravel\\framework\\src\\Illuminate\\Foundation\\Http\\Kernel.php(165): Illuminate\\Pipeline\\Pipeline->then(Object(Closure))
#60 D:\\XboxGames\\UTS_A710230009_Laravel-main\\vendor\\laravel\\framework\\src\\Illuminate\\Foundation\\Http\\Kernel.php(134): Illuminate\\Foundation\\Http\\Kernel->sendRequestThroughRouter(Object(Illuminate\\Http\\Request))
#61 D:\\XboxGames\\UTS_A710230009_Laravel-main\\public\\index.php(51): Illuminate\\Foundation\\Http\\Kernel->handle(Object(Illuminate\\Http\\Request))
#62 {main}
"} 
